dept,degree_level,yrs_experience,reporting_depth,count_M,mean_M,median_M,count_F,mean_F,median_F,mean_salary_F_minus_M,median_salary_F_minus_M,small_group_flag
HR,Bachelor,1,5,29,82758.62068965517,79000.0,58,76482.75862068965,73500.0,-6275.862068965522,-5500.0,False
HR,Bachelor,2,4,3,98666.66666666667,96000.0,2,94000.0,94000.0,-4666.6666666666715,-2000.0,True
HR,Bachelor,2,5,30,83033.33333333333,78500.0,55,86872.72727272728,84000.0,3839.393939393951,5500.0,False
HR,Bachelor,3,5,30,77866.66666666667,76000.0,57,81315.78947368421,79000.0,3449.122807017542,3000.0,False
HR,Bachelor,4,5,21,85523.80952380953,80000.0,44,88795.45454545454,88000.0,3271.6450216450176,8000.0,False
HR,Bachelor,5,5,24,83041.66666666667,83000.0,27,80777.77777777778,76000.0,-2263.8888888888905,-7000.0,False
HR,Bachelor,6,4,1,120000.0,120000.0,5,81800.0,75000.0,-38200.0,-45000.0,True
HR,Bachelor,6,5,11,82363.63636363637,79000.0,15,84266.66666666667,83000.0,1903.030303030304,4000.0,False
HR,Bachelor,7,5,14,78000.0,71500.0,14,78285.71428571429,73000.0,285.7142857142899,1500.0,False
HR,Bachelor,8,4,3,66000.0,61000.0,1,123000.0,123000.0,57000.0,62000.0,True
HR,Bachelor,8,5,4,81000.0,82500.0,6,84500.0,86000.0,3500.0,3500.0,True
HR,Bachelor,9,4,2,100000.0,100000.0,1,83000.0,83000.0,-17000.0,-17000.0,True
HR,Bachelor,10,4,2,75000.0,75000.0,1,95000.0,95000.0,20000.0,20000.0,True
HR,Bachelor,12,4,3,88333.33333333333,93000.0,4,91500.0,91500.0,3166.6666666666715,-1500.0,True
HR,Bachelor,17,3,1,217000.0,217000.0,1,136000.0,136000.0,-81000.0,-81000.0,True
HR,High_School,1,5,17,90529.41176470589,91000.0,36,86694.44444444444,85500.0,-3834.9673202614504,-5500.0,False
HR,High_School,2,5,17,81941.17647058824,77000.0,43,83837.20930232559,79000.0,1896.0328317373496,2000.0,False
HR,High_School,3,5,12,88083.33333333333,88500.0,19,85684.21052631579,83000.0,-2399.122807017542,-5500.0,False
HR,High_School,4,5,13,85769.23076923077,86000.0,28,75964.28571428571,69500.0,-9804.945054945056,-16500.0,False
HR,High_School,5,4,1,91000.0,91000.0,3,89000.0,80000.0,-2000.0,-11000.0,True
HR,High_School,5,5,11,81727.27272727272,84000.0,27,77962.96296296296,73000.0,-3764.309764309757,-11000.0,False
HR,High_School,6,5,11,81363.63636363637,73000.0,8,93625.0,92500.0,12261.363636363632,19500.0,False
HR,High_School,7,5,4,94750.0,85000.0,4,82250.0,81500.0,-12500.0,-3500.0,True
HR,High_School,8,5,3,61666.666666666664,61000.0,1,73000.0,73000.0,11333.333333333336,12000.0,True
HR,High_School,9,4,2,61500.0,61500.0,1,108000.0,108000.0,46500.0,46500.0,True
HR,High_School,10,4,1,118000.0,118000.0,1,102000.0,102000.0,-16000.0,-16000.0,True
HR,Master,1,5,36,79722.22222222222,72000.0,59,81966.10169491525,78000.0,2243.8794726930355,6000.0,False
HR,Master,2,4,2,89000.0,89000.0,3,86000.0,73000.0,-3000.0,-16000.0,True
HR,Master,2,5,28,73107.14285714286,73000.0,48,83833.33333333333,83500.0,10726.190476190473,10500.0,False
HR,Master,3,4,2,109500.0,109500.0,1,78000.0,78000.0,-31500.0,-31500.0,True
HR,Master,3,5,32,84312.5,79500.0,49,87510.20408163265,85000.0,3197.704081632648,5500.0,False
HR,Master,4,4,2,108000.0,108000.0,2,79500.0,79500.0,-28500.0,-28500.0,True
HR,Master,4,5,26,84423.07692307692,80000.0,40,79850.0,79500.0,-4573.076923076922,-500.0,False
HR,Master,5,4,2,124500.0,124500.0,1,132000.0,132000.0,7500.0,7500.0,True
HR,Master,5,5,16,78937.5,78000.0,31,86741.93548387097,75000.0,7804.43548387097,-3000.0,False
HR,Master,6,4,2,107000.0,107000.0,3,87666.66666666667,81000.0,-19333.33333333333,-26000.0,True
HR,Master,6,5,7,86142.85714285714,81000.0,18,88777.77777777778,86500.0,2634.920634920636,5500.0,False
HR,Master,7,4,1,61000.0,61000.0,3,102666.66666666667,115000.0,41666.66666666667,54000.0,True
HR,Master,7,5,10,78400.0,77500.0,9,80111.11111111111,82000.0,1711.1111111111095,4500.0,False
HR,Master,8,4,2,125000.0,125000.0,1,87000.0,87000.0,-38000.0,-38000.0,True
HR,Master,8,5,1,71000.0,71000.0,7,75714.28571428571,74000.0,4714.28571428571,3000.0,True
HR,Master,9,5,1,65000.0,65000.0,3,72000.0,71000.0,7000.0,6000.0,True
HR,Master,10,4,3,87666.66666666667,84000.0,2,144000.0,144000.0,56333.33333333333,60000.0,True
HR,Master,11,4,2,105500.0,105500.0,2,88500.0,88500.0,-17000.0,-17000.0,True
HR,Master,12,4,3,78666.66666666667,80000.0,1,82000.0,82000.0,3333.3333333333285,2000.0,True
HR,PhD,1,5,28,76750.0,76500.0,56,86196.42857142857,83500.0,9446.428571428565,7000.0,False
HR,PhD,2,5,21,74714.28571428571,72000.0,48,81125.0,77500.0,6410.71428571429,5500.0,False
HR,PhD,3,4,3,67666.66666666667,65000.0,2,102000.0,102000.0,34333.33333333333,37000.0,True
HR,PhD,3,5,24,81708.33333333333,80000.0,51,81294.11764705883,79000.0,-414.21568627450324,-1000.0,False
HR,PhD,4,4,3,94666.66666666667,84000.0,1,75000.0,75000.0,-19666.66666666667,-9000.0,True
HR,PhD,4,5,22,85727.27272727272,82500.0,39,80820.51282051283,78000.0,-4906.759906759893,-4500.0,False
HR,PhD,5,4,1,77000.0,77000.0,1,66000.0,66000.0,-11000.0,-11000.0,True
HR,PhD,5,5,22,81090.90909090909,77000.0,21,83952.38095238095,83000.0,2861.4718614718586,6000.0,False
HR,PhD,6,4,1,108000.0,108000.0,3,90666.66666666667,70000.0,-17333.33333333333,-38000.0,True
HR,PhD,6,5,10,80000.0,82000.0,26,80346.15384615384,80000.0,346.1538461538439,-2000.0,False
HR,PhD,7,4,1,139000.0,139000.0,1,103000.0,103000.0,-36000.0,-36000.0,True
HR,PhD,7,5,3,80000.0,83000.0,15,83200.0,79000.0,3200.0,-4000.0,True
HR,PhD,8,3,1,89000.0,89000.0,1,156000.0,156000.0,67000.0,67000.0,True
HR,PhD,8,5,14,81285.71428571429,73000.0,3,77000.0,78000.0,-4285.71428571429,5000.0,True
HR,PhD,9,4,1,72000.0,72000.0,3,86666.66666666667,92000.0,14666.666666666672,20000.0,True
HR,PhD,10,4,3,84666.66666666667,85000.0,2,83000.0,83000.0,-1666.6666666666715,-2000.0,True
HR,PhD,11,4,3,107000.0,119000.0,2,105500.0,105500.0,-1500.0,-13500.0,True
HR,PhD,12,3,1,88000.0,88000.0,1,95000.0,95000.0,7000.0,7000.0,True
HR,PhD,13,4,1,79000.0,79000.0,2,104000.0,104000.0,25000.0,25000.0,True
HR,PhD,20,3,1,107000.0,107000.0,1,134000.0,134000.0,27000.0,27000.0,True
engineering,Bachelor,1,5,122,252368.8524590164,254500.0,36,225305.55555555556,238500.0,-27063.29690346084,-16000.0,False
engineering,Bachelor,2,5,109,249568.80733944953,259000.0,34,219970.58823529413,208500.0,-29598.219104155403,-50500.0,False
engineering,Bachelor,3,4,2,240500.0,240500.0,4,172500.0,156500.0,-68000.0,-84000.0,True
engineering,Bachelor,3,5,92,237510.86956521738,240000.0,32,265156.25,277000.0,27645.380434782623,37000.0,False
engineering,Bachelor,4,5,72,249472.22222222222,254000.0,19,251105.26315789475,257000.0,1633.0409356725286,3000.0,False
engineering,Bachelor,5,5,46,231260.86956521738,240000.0,22,244181.81818181818,279000.0,12920.9486166008,39000.0,False
engineering,Bachelor,6,4,1,148000.0,148000.0,1,80000.0,80000.0,-68000.0,-68000.0,True
engineering,Bachelor,6,5,33,256666.66666666666,273000.0,6,281666.6666666667,300000.0,25000.00000000003,27000.0,False
engineering,Bachelor,7,5,18,266388.8888888889,288000.0,11,206090.9090909091,207000.0,-60297.97979797979,-81000.0,False
engineering,Bachelor,8,5,7,241000.0,245000.0,7,158000.0,125000.0,-83000.0,-120000.0,False
engineering,Bachelor,9,4,4,232250.0,210500.0,2,281500.0,281500.0,49250.0,71000.0,True
engineering,Bachelor,9,5,5,274600.0,321000.0,3,273333.3333333333,301000.0,-1266.666666666686,-20000.0,True
engineering,Bachelor,10,4,1,312000.0,312000.0,4,270000.0,301000.0,-42000.0,-11000.0,True
engineering,Bachelor,11,3,1,336000.0,336000.0,2,255000.0,255000.0,-81000.0,-81000.0,True
engineering,Bachelor,12,4,3,294666.6666666667,316000.0,1,354000.0,354000.0,59333.333333333314,38000.0,True
engineering,Bachelor,19,3,1,174000.0,174000.0,1,387000.0,387000.0,213000.0,213000.0,True
engineering,High_School,1,5,68,229882.35294117648,219000.0,26,238423.07692307694,254000.0,8540.72398190046,35000.0,False
engineering,High_School,2,4,1,163000.0,163000.0,2,207500.0,207500.0,44500.0,44500.0,True
engineering,High_School,2,5,77,232194.8051948052,244000.0,20,231600.0,239500.0,-594.8051948052016,-4500.0,False
engineering,High_School,3,5,56,247375.0,228000.0,14,266642.85714285716,278000.0,19267.85714285716,50000.0,False
engineering,High_School,4,5,46,258434.78260869565,274000.0,15,240600.0,228000.0,-17834.78260869565,-46000.0,False
engineering,High_School,5,5,60,232816.66666666666,229500.0,8,260625.0,304500.0,27808.333333333343,75000.0,False
engineering,High_School,6,5,22,235454.54545454544,232500.0,5,245800.0,242000.0,10345.454545454559,9500.0,False
engineering,High_School,7,5,13,256384.61538461538,245000.0,1,330000.0,330000.0,73615.38461538462,85000.0,True
engineering,High_School,8,5,6,248000.0,246500.0,4,213750.0,185000.0,-34250.0,-61500.0,True
engineering,High_School,14,4,2,289000.0,289000.0,2,261000.0,261000.0,-28000.0,-28000.0,True
engineering,Master,1,5,99,251131.31313131313,258000.0,31,258774.1935483871,275000.0,7642.88041707396,17000.0,False
engineering,Master,2,4,4,228750.0,240500.0,1,182000.0,182000.0,-46750.0,-58500.0,True
engineering,Master,2,5,97,224824.74226804124,212000.0,41,261951.21951219512,272000.0,37126.47724415388,60000.0,False
engineering,Master,3,4,6,318333.3333333333,350500.0,1,336000.0,336000.0,17666.666666666686,-14500.0,True
engineering,Master,3,5,91,254263.73626373627,258000.0,32,241656.25,233000.0,-12607.486263736268,-25000.0,False
engineering,Master,4,4,5,250000.0,304000.0,1,338000.0,338000.0,88000.0,34000.0,True
engineering,Master,4,5,67,235537.31343283583,234000.0,26,241115.38461538462,251500.0,5578.071182548796,17500.0,False
engineering,Master,5,5,51,227372.54901960783,215000.0,20,238950.0,236000.0,11577.450980392168,21000.0,False
engineering,Master,6,4,4,244750.0,254500.0,1,376000.0,376000.0,131250.0,121500.0,True
engineering,Master,6,5,33,258878.78787878787,273000.0,9,222000.0,209000.0,-36878.78787878787,-64000.0,False
engineering,Master,7,4,2,169500.0,169500.0,1,228000.0,228000.0,58500.0,58500.0,True
engineering,Master,7,5,21,223619.04761904763,203000.0,5,231000.0,223000.0,7380.952380952367,20000.0,False
engineering,Master,8,4,5,293600.0,309000.0,6,314000.0,335500.0,20400.0,26500.0,False
engineering,Master,8,5,8,219375.0,236000.0,3,283666.6666666667,349000.0,64291.666666666686,113000.0,True
engineering,Master,9,5,6,265333.3333333333,268500.0,3,313000.0,328000.0,47666.666666666686,59500.0,True
engineering,Master,10,4,4,226750.0,245000.0,1,226000.0,226000.0,-750.0,-19000.0,True
engineering,Master,11,4,1,84000.0,84000.0,1,311000.0,311000.0,227000.0,227000.0,True
engineering,Master,13,4,5,268200.0,257000.0,2,196500.0,196500.0,-71700.0,-60500.0,True
engineering,Master,14,4,5,185200.0,202000.0,2,201000.0,201000.0,15800.0,-1000.0,True
engineering,PhD,1,5,112,238410.7142857143,239000.0,28,263678.5714285714,267500.0,25267.85714285713,28500.0,False
engineering,PhD,2,5,98,238704.08163265305,243000.0,40,251050.0,236000.0,12345.918367346952,-7000.0,False
engineering,PhD,3,5,94,243755.31914893616,245500.0,31,256354.83870967742,247000.0,12599.51956074126,1500.0,False
engineering,PhD,4,4,9,226222.22222222222,276000.0,3,224000.0,183000.0,-2222.222222222219,-93000.0,True
engineering,PhD,4,5,71,238084.50704225354,235000.0,25,242280.0,259000.0,4195.4929577464645,24000.0,False
engineering,PhD,5,4,3,293333.3333333333,263000.0,2,282000.0,282000.0,-11333.333333333314,19000.0,True
engineering,PhD,5,5,55,240727.27272727274,253000.0,18,221500.0,192000.0,-19227.272727272735,-61000.0,False
engineering,PhD,6,4,3,218333.33333333334,192000.0,1,210000.0,210000.0,-8333.333333333343,18000.0,True
engineering,PhD,6,5,35,229657.14285714287,250000.0,11,268909.0909090909,308000.0,39251.94805194801,58000.0,False
engineering,PhD,7,5,20,229450.0,220000.0,11,268727.2727272727,284000.0,39277.272727272706,64000.0,False
engineering,PhD,8,4,5,303200.0,304000.0,2,222000.0,222000.0,-81200.0,-82000.0,True
engineering,PhD,8,5,8,251250.0,262000.0,7,284000.0,306000.0,32750.0,44000.0,False
engineering,PhD,9,4,5,205000.0,202000.0,4,226750.0,213500.0,21750.0,11500.0,True
engineering,PhD,9,5,3,336000.0,331000.0,1,236000.0,236000.0,-100000.0,-95000.0,True
engineering,PhD,10,4,3,194000.0,131000.0,2,301000.0,301000.0,107000.0,170000.0,True
engineering,PhD,12,4,2,206500.0,206500.0,2,245500.0,245500.0,39000.0,39000.0,True
engineering,PhD,13,4,5,230000.0,227000.0,4,233750.0,230500.0,3750.0,3500.0,True
engineering,PhD,15,3,1,188000.0,188000.0,1,122000.0,122000.0,-66000.0,-66000.0,True
marketing,Bachelor,1,5,71,190154.9295774648,185000.0,38,212973.68421052632,195000.0,22818.75463306153,10000.0,False
marketing,Bachelor,2,5,63,203857.14285714287,202000.0,32,190718.75,176000.0,-13138.39285714287,-26000.0,False
marketing,Bachelor,3,5,65,185323.07692307694,186000.0,18,193333.33333333334,174500.0,8010.2564102564065,-11500.0,False
marketing,Bachelor,4,4,5,166200.0,153000.0,1,297000.0,297000.0,130800.0,144000.0,True
marketing,Bachelor,4,5,50,180360.0,166500.0,27,202629.62962962964,185000.0,22269.629629629635,18500.0,False
marketing,Bachelor,5,4,4,220250.0,206500.0,1,189000.0,189000.0,-31250.0,-17500.0,True
marketing,Bachelor,5,5,28,188392.85714285713,184000.0,11,224636.36363636365,196000.0,36243.50649350652,12000.0,False
marketing,Bachelor,6,5,19,190368.42105263157,185000.0,14,148428.57142857142,144000.0,-41939.84962406015,-41000.0,False
marketing,Bachelor,7,4,3,248000.0,250000.0,1,165000.0,165000.0,-83000.0,-85000.0,True
marketing,Bachelor,7,5,9,193888.88888888888,211000.0,4,200750.0,204500.0,6861.111111111124,-6500.0,True
marketing,Bachelor,8,4,3,275000.0,293000.0,1,151000.0,151000.0,-124000.0,-142000.0,True
marketing,Bachelor,8,5,7,185571.42857142858,194000.0,3,212000.0,246000.0,26428.57142857142,52000.0,True
marketing,Bachelor,9,4,1,340000.0,340000.0,1,76000.0,76000.0,-264000.0,-264000.0,True
marketing,Bachelor,9,5,4,140250.0,97500.0,3,220333.33333333334,274000.0,80083.33333333334,176500.0,True
marketing,Bachelor,14,4,1,223000.0,223000.0,1,196000.0,196000.0,-27000.0,-27000.0,True
marketing,Bachelor,24,3,1,206000.0,206000.0,1,177000.0,177000.0,-29000.0,-29000.0,True
marketing,High_School,1,5,48,195229.16666666666,201500.0,22,164363.63636363635,157500.0,-30865.530303030304,-44000.0,False
marketing,High_School,2,5,40,193350.0,167000.0,22,174500.0,166000.0,-18850.0,-1000.0,False
marketing,High_School,3,5,44,193318.18181818182,191000.0,14,198214.2857142857,171500.0,4896.103896103887,-19500.0,False
marketing,High_School,4,5,35,200571.42857142858,203000.0,13,206769.23076923078,204000.0,6197.802197802201,1000.0,False
marketing,High_School,5,4,1,158000.0,158000.0,1,259000.0,259000.0,101000.0,101000.0,True
marketing,High_School,5,5,30,183100.0,178500.0,20,193050.0,184000.0,9950.0,5500.0,False
marketing,High_School,6,5,5,196200.0,164000.0,5,178200.0,124000.0,-18000.0,-40000.0,False
marketing,High_School,7,5,6,191000.0,170000.0,3,201000.0,167000.0,10000.0,-3000.0,True
marketing,High_School,9,5,2,169000.0,169000.0,2,223500.0,223500.0,54500.0,54500.0,True
marketing,High_School,10,4,1,136000.0,136000.0,1,62000.0,62000.0,-74000.0,-74000.0,True
marketing,High_School,13,4,1,109000.0,109000.0,1,269000.0,269000.0,160000.0,160000.0,True
marketing,Master,1,5,79,184392.40506329114,172000.0,34,181705.88235294117,195000.0,-2686.5227103499637,23000.0,False
marketing,Master,2,4,3,192666.66666666666,153000.0,4,180500.0,159000.0,-12166.666666666657,6000.0,True
marketing,Master,2,5,68,178397.0588235294,181000.0,39,180025.64102564103,162000.0,1628.5822021116328,-19000.0,False
marketing,Master,3,5,69,198086.95652173914,209000.0,41,172731.70731707316,171000.0,-25355.249204665975,-38000.0,False
marketing,Master,4,4,2,213000.0,213000.0,2,168500.0,168500.0,-44500.0,-44500.0,True
marketing,Master,4,5,37,208027.02702702704,205000.0,22,212590.9090909091,214500.0,4563.882063882047,9500.0,False
marketing,Master,5,4,2,124500.0,124500.0,1,312000.0,312000.0,187500.0,187500.0,True
marketing,Master,5,5,49,183959.18367346938,183000.0,15,190600.0,195000.0,6640.816326530621,12000.0,False
marketing,Master,6,5,22,208545.45454545456,194500.0,11,177909.0909090909,172000.0,-30636.363636363647,-22500.0,False
marketing,Master,7,4,2,218500.0,218500.0,3,208333.33333333334,215000.0,-10166.666666666657,-3500.0,True
marketing,Master,7,5,10,165900.0,155000.0,7,204142.85714285713,216000.0,38242.85714285713,61000.0,False
marketing,Master,8,5,5,208200.0,202000.0,3,164666.66666666666,162000.0,-43533.33333333334,-40000.0,True
marketing,Master,9,4,2,132000.0,132000.0,3,185333.33333333334,199000.0,53333.33333333334,67000.0,True
marketing,Master,9,5,6,162833.33333333334,168000.0,1,116000.0,116000.0,-46833.33333333334,-52000.0,True
marketing,Master,10,4,1,63000.0,63000.0,2,203000.0,203000.0,140000.0,140000.0,True
marketing,Master,11,4,4,230750.0,243000.0,1,138000.0,138000.0,-92750.0,-105000.0,True
marketing,Master,12,4,4,250750.0,278000.0,2,285000.0,285000.0,34250.0,7000.0,True
marketing,Master,13,3,1,117000.0,117000.0,1,287000.0,287000.0,170000.0,170000.0,True
marketing,Master,13,4,2,192500.0,192500.0,1,254000.0,254000.0,61500.0,61500.0,True
marketing,Master,14,4,3,180333.33333333334,177000.0,2,191500.0,191500.0,11166.666666666657,14500.0,True
marketing,PhD,1,5,74,198851.35135135136,203500.0,34,179676.4705882353,173000.0,-19174.88076311606,-30500.0,False
marketing,PhD,2,4,3,221666.66666666666,228000.0,2,166500.0,166500.0,-55166.66666666666,-61500.0,True
marketing,PhD,2,5,70,189071.42857142858,182000.0,23,179782.60869565216,158000.0,-9288.819875776418,-24000.0,False
marketing,PhD,3,4,5,280400.0,279000.0,2,147500.0,147500.0,-132900.0,-131500.0,True
marketing,PhD,3,5,64,203625.0,203000.0,42,204857.14285714287,198000.0,1232.1428571428696,-5000.0,False
marketing,PhD,4,4,6,208000.0,228000.0,1,151000.0,151000.0,-57000.0,-77000.0,True
marketing,PhD,4,5,53,211396.22641509434,211000.0,17,210352.9411764706,202000.0,-1043.2852386237355,-9000.0,False
marketing,PhD,5,5,29,207586.2068965517,213000.0,17,199058.82352941178,216000.0,-8527.383367139933,3000.0,False
marketing,PhD,6,4,3,303666.6666666667,309000.0,2,176500.0,176500.0,-127166.66666666669,-132500.0,True
marketing,PhD,6,5,23,213913.04347826086,212000.0,16,217312.5,242500.0,3399.4565217391355,30500.0,False
marketing,PhD,7,4,3,289000.0,304000.0,2,161000.0,161000.0,-128000.0,-143000.0,True
marketing,PhD,7,5,14,190928.57142857142,178000.0,9,209333.33333333334,220000.0,18404.761904761923,42000.0,False
marketing,PhD,8,4,11,197363.63636363635,212000.0,2,152500.0,152500.0,-44863.63636363635,-59500.0,True
marketing,PhD,8,5,9,213777.77777777778,212000.0,3,149333.33333333334,148000.0,-64444.44444444444,-64000.0,True
marketing,PhD,9,5,5,243200.0,255000.0,3,248333.33333333334,195000.0,5133.333333333343,-60000.0,True
marketing,PhD,11,3,1,226000.0,226000.0,1,175000.0,175000.0,-51000.0,-51000.0,True
marketing,PhD,11,4,3,194000.0,160000.0,1,347000.0,347000.0,153000.0,187000.0,True
marketing,PhD,12,4,1,198000.0,198000.0,1,226000.0,226000.0,28000.0,28000.0,True
marketing,PhD,13,4,6,180833.33333333334,187000.0,2,187000.0,187000.0,6166.666666666657,0.0,True
marketing,PhD,18,3,1,287000.0,287000.0,1,319000.0,319000.0,32000.0,32000.0,True
marketing,PhD,22,3,1,205000.0,205000.0,3,267666.6666666667,277000.0,62666.666666666686,72000.0,True
sales,Bachelor,1,5,116,181474.1379310345,169500.0,56,183321.42857142858,195500.0,1847.290640394087,26000.0,False
sales,Bachelor,2,4,5,117200.0,106000.0,1,126000.0,126000.0,8800.0,20000.0,True
sales,Bachelor,2,5,136,201683.82352941178,197000.0,63,178063.49206349207,182000.0,-23620.331465919706,-15000.0,False
sales,Bachelor,3,4,8,178250.0,173000.0,2,252500.0,252500.0,74250.0,79500.0,True
sales,Bachelor,3,5,117,193564.10256410256,196000.0,65,191476.92307692306,176000.0,-2087.179487179499,-20000.0,False
sales,Bachelor,4,5,92,191858.69565217392,182500.0,38,202157.8947368421,184000.0,10299.199084668187,1500.0,False
sales,Bachelor,5,4,4,160000.0,146500.0,4,195250.0,206000.0,35250.0,59500.0,True
sales,Bachelor,5,5,66,198287.87878787878,191000.0,34,200470.58823529413,209500.0,2182.709447415342,18500.0,False
sales,Bachelor,6,4,4,246500.0,248000.0,1,215000.0,215000.0,-31500.0,-33000.0,True
sales,Bachelor,6,5,46,195086.95652173914,191000.0,21,213285.7142857143,223000.0,18198.757763975154,32000.0,False
sales,Bachelor,7,4,3,282000.0,354000.0,2,239500.0,239500.0,-42500.0,-114500.0,True
sales,Bachelor,7,5,28,194214.2857142857,166000.0,18,223944.44444444444,241500.0,29730.158730158728,75500.0,False
sales,Bachelor,8,4,3,136333.33333333334,136000.0,2,150500.0,150500.0,14166.666666666657,14500.0,True
sales,Bachelor,8,5,10,172800.0,173500.0,8,221250.0,208500.0,48450.0,35000.0,False
sales,Bachelor,9,4,6,199666.66666666666,196500.0,3,237666.66666666666,232000.0,38000.0,35500.0,True
sales,Bachelor,9,5,7,183428.57142857142,192000.0,6,131500.0,126500.0,-51928.57142857142,-65500.0,False
sales,Bachelor,10,4,4,185250.0,182000.0,1,158000.0,158000.0,-27250.0,-24000.0,True
sales,Bachelor,11,4,5,196800.0,169000.0,1,231000.0,231000.0,34200.0,62000.0,True
sales,Bachelor,12,4,3,148000.0,150000.0,1,84000.0,84000.0,-64000.0,-66000.0,True
sales,Bachelor,13,4,5,182200.0,189000.0,1,195000.0,195000.0,12800.0,6000.0,True
sales,Bachelor,14,4,3,249000.0,234000.0,3,251333.33333333334,248000.0,2333.333333333343,14000.0,True
sales,High_School,1,5,87,180413.7931034483,172000.0,35,186200.0,163000.0,5786.20689655171,-9000.0,False
sales,High_School,2,5,77,206844.15584415584,199000.0,36,189000.0,186500.0,-17844.155844155845,-12500.0,False
sales,High_School,3,4,2,118000.0,118000.0,1,266000.0,266000.0,148000.0,148000.0,True
sales,High_School,3,5,84,188416.66666666666,177500.0,32,204875.0,204500.0,16458.333333333343,27000.0,False
sales,High_School,4,5,41,198463.41463414635,194000.0,31,198903.2258064516,203000.0,439.81117230525706,9000.0,False
sales,High_School,5,5,42,189404.7619047619,180500.0,21,199428.57142857142,193000.0,10023.809523809527,12500.0,False
sales,High_School,6,5,24,191125.0,187500.0,10,236100.0,229000.0,44975.0,41500.0,False
sales,High_School,7,5,18,175666.66666666666,197000.0,12,189833.33333333334,168000.0,14166.666666666686,-29000.0,False
sales,High_School,8,5,10,198600.0,218000.0,4,146250.0,138500.0,-52350.0,-79500.0,True
sales,High_School,9,5,2,223500.0,223500.0,4,171500.0,170000.0,-52000.0,-53500.0,True
sales,High_School,14,4,1,238000.0,238000.0,1,359000.0,359000.0,121000.0,121000.0,True
sales,Master,1,5,134,199910.44776119402,195000.0,50,172100.0,162000.0,-27810.447761194024,-33000.0,False
sales,Master,2,4,4,153000.0,153500.0,3,143333.33333333334,86000.0,-9666.666666666657,-67500.0,True
sales,Master,2,5,117,198256.41025641025,194000.0,56,204017.85714285713,198000.0,5761.44688644688,4000.0,False
sales,Master,3,4,4,194000.0,202500.0,7,235571.42857142858,232000.0,41571.42857142858,29500.0,True
sales,Master,3,5,126,192380.95238095237,188500.0,50,181820.0,164500.0,-10560.952380952367,-24000.0,False
sales,Master,4,4,5,218000.0,257000.0,1,337000.0,337000.0,119000.0,80000.0,True
sales,Master,4,5,90,182566.66666666666,183000.0,48,190645.83333333334,190500.0,8079.166666666686,7500.0,False
sales,Master,5,3,1,217000.0,217000.0,1,295000.0,295000.0,78000.0,78000.0,True
sales,Master,5,4,7,218142.85714285713,213000.0,3,171666.66666666666,157000.0,-46476.19047619047,-56000.0,True
sales,Master,5,5,47,216361.70212765958,204000.0,31,205290.32258064515,196000.0,-11071.379547014425,-8000.0,False
sales,Master,6,5,35,183028.57142857142,175000.0,23,186434.78260869565,191000.0,3406.211180124228,16000.0,False
sales,Master,7,4,6,264666.6666666667,273000.0,2,185000.0,185000.0,-79666.66666666669,-88000.0,True
sales,Master,7,5,25,181520.0,171000.0,15,183600.0,184000.0,2080.0,13000.0,False
sales,Master,8,4,8,152750.0,181000.0,2,166500.0,166500.0,13750.0,-14500.0,True
sales,Master,8,5,11,206909.0909090909,190000.0,7,167285.7142857143,158000.0,-39623.37662337662,-32000.0,False
sales,Master,9,4,6,220166.66666666666,241000.0,2,153000.0,153000.0,-67166.66666666666,-88000.0,True
sales,Master,9,5,6,211333.33333333334,196000.0,4,197750.0,197000.0,-13583.333333333343,1000.0,True
sales,Master,10,4,5,182600.0,182000.0,3,184000.0,157000.0,1400.0,-25000.0,True
sales,Master,11,4,6,230000.0,244500.0,1,115000.0,115000.0,-115000.0,-129500.0,True
sales,Master,12,4,2,216500.0,216500.0,3,191000.0,220000.0,-25500.0,3500.0,True
sales,Master,13,4,5,213800.0,215000.0,5,219600.0,275000.0,5800.0,60000.0,False
sales,Master,14,4,1,190000.0,190000.0,3,174333.33333333334,158000.0,-15666.666666666657,-32000.0,True
sales,Master,20,3,2,298000.0,298000.0,2,133000.0,133000.0,-165000.0,-165000.0,True
sales,PhD,1,5,136,202375.0,193000.0,65,186984.61538461538,180000.0,-15390.384615384624,-13000.0,False
sales,PhD,2,4,4,162250.0,176500.0,1,305000.0,305000.0,142750.0,128500.0,True
sales,PhD,2,5,115,198678.26086956522,205000.0,65,199630.76923076922,203000.0,952.5083612040034,-2000.0,False
sales,PhD,3,4,6,151500.0,158000.0,2,202000.0,202000.0,50500.0,44000.0,True
sales,PhD,3,5,109,188889.90825688074,192000.0,46,195739.13043478262,189500.0,6849.222177901887,-2500.0,False
sales,PhD,4,5,88,194943.18181818182,186000.0,41,206268.29268292684,198000.0,11325.110864745016,12000.0,False
sales,PhD,5,4,9,216111.11111111112,162000.0,1,136000.0,136000.0,-80111.11111111112,-26000.0,True
sales,PhD,5,5,61,183442.62295081967,185000.0,34,202029.41176470587,199500.0,18586.788813886204,14500.0,False
sales,PhD,6,4,6,147000.0,151500.0,1,203000.0,203000.0,56000.0,51500.0,True
sales,PhD,6,5,33,196333.33333333334,193000.0,27,175259.25925925927,156000.0,-21074.074074074073,-37000.0,False
sales,PhD,7,4,6,201166.66666666666,220000.0,4,190500.0,189500.0,-10666.666666666657,-30500.0,True
sales,PhD,7,5,17,222470.58823529413,212000.0,12,198833.33333333334,204000.0,-23637.254901960783,-8000.0,False
sales,PhD,8,4,4,156250.0,106500.0,1,206000.0,206000.0,49750.0,99500.0,True
sales,PhD,8,5,15,159200.0,151000.0,4,185500.0,180500.0,26300.0,29500.0,True
sales,PhD,9,4,2,132000.0,132000.0,3,285666.6666666667,274000.0,153666.6666666667,142000.0,True
sales,PhD,9,5,2,212500.0,212500.0,3,152000.0,120000.0,-60500.0,-92500.0,True
sales,PhD,10,4,4,191750.0,190500.0,5,191200.0,190000.0,-550.0,-500.0,True
sales,PhD,11,4,4,197250.0,170000.0,3,148666.66666666666,115000.0,-48583.33333333334,-55000.0,True
sales,PhD,14,4,3,175666.66666666666,184000.0,4,264000.0,268500.0,88333.33333333334,84500.0,True
sales,PhD,16,3,1,328000.0,328000.0,1,153000.0,153000.0,-175000.0,-175000.0,True
sales,PhD,26,2,1,234000.0,234000.0,1,359000.0,359000.0,125000.0,125000.0,True
