dept,degree_level,yrs_experience,reporting_depth,sex,count,mean,median
CEO,PhD,7,0,M,1,700000.0,700000.0
HR,Bachelor,1,5,F,58,76482.75862068965,73500.0
HR,Bachelor,1,5,M,29,82758.62068965517,79000.0
HR,Bachelor,2,4,F,2,94000.0,94000.0
HR,Bachelor,2,4,M,3,98666.66666666667,96000.0
HR,Bachelor,2,5,F,55,86872.72727272728,84000.0
HR,Bachelor,2,5,M,30,83033.33333333333,78500.0
HR,Bachelor,3,5,F,57,81315.78947368421,79000.0
HR,Bachelor,3,5,M,30,77866.66666666667,76000.0
HR,Bachelor,4,4,F,1,65000.0,65000.0
HR,Bachelor,4,5,F,44,88795.45454545454,88000.0
HR,Bachelor,4,5,M,21,85523.80952380953,80000.0
HR,Bachelor,5,3,M,1,110000.0,110000.0
HR,Bachelor,5,4,M,1,71000.0,71000.0
HR,Bachelor,5,5,F,27,80777.77777777778,76000.0
HR,Bachelor,5,5,M,24,83041.66666666667,83000.0
HR,Bachelor,6,4,F,5,81800.0,75000.0
HR,Bachelor,6,4,M,1,120000.0,120000.0
HR,Bachelor,6,5,F,15,84266.66666666667,83000.0
HR,Bachelor,6,5,M,11,82363.63636363637,79000.0
HR,Bachelor,7,4,F,2,63000.0,63000.0
HR,Bachelor,7,5,F,14,78285.71428571429,73000.0
HR,Bachelor,7,5,M,14,78000.0,71500.0
HR,Bachelor,8,3,M,1,122000.0,122000.0
HR,Bachelor,8,4,F,1,123000.0,123000.0
HR,Bachelor,8,4,M,3,66000.0,61000.0
HR,Bachelor,8,5,F,6,84500.0,86000.0
HR,Bachelor,8,5,M,4,81000.0,82500.0
HR,Bachelor,9,4,F,1,83000.0,83000.0
HR,Bachelor,9,4,M,2,100000.0,100000.0
HR,Bachelor,9,5,F,3,85000.0,84000.0
HR,Bachelor,10,4,F,1,95000.0,95000.0
HR,Bachelor,10,4,M,2,75000.0,75000.0
HR,Bachelor,12,4,F,4,91500.0,91500.0
HR,Bachelor,12,4,M,3,88333.33333333333,93000.0
HR,Bachelor,13,4,F,1,76000.0,76000.0
HR,Bachelor,16,3,M,1,120000.0,120000.0
HR,Bachelor,17,3,F,1,136000.0,136000.0
HR,Bachelor,17,3,M,1,217000.0,217000.0
HR,Bachelor,18,3,F,1,180000.0,180000.0
HR,Bachelor,23,3,M,1,60000.0,60000.0
HR,Bachelor,24,3,M,1,167000.0,167000.0
HR,High_School,1,5,F,36,86694.44444444444,85500.0
HR,High_School,1,5,M,17,90529.41176470589,91000.0
HR,High_School,2,5,F,43,83837.20930232559,79000.0
HR,High_School,2,5,M,17,81941.17647058824,77000.0
HR,High_School,3,5,F,19,85684.21052631579,83000.0
HR,High_School,3,5,M,12,88083.33333333333,88500.0
HR,High_School,4,5,F,28,75964.28571428571,69500.0
HR,High_School,4,5,M,13,85769.23076923077,86000.0
HR,High_School,5,4,F,3,89000.0,80000.0
HR,High_School,5,4,M,1,91000.0,91000.0
HR,High_School,5,5,F,27,77962.96296296296,73000.0
HR,High_School,5,5,M,11,81727.27272727272,84000.0
HR,High_School,6,5,F,8,93625.0,92500.0
HR,High_School,6,5,M,11,81363.63636363637,73000.0
HR,High_School,7,5,F,4,82250.0,81500.0
HR,High_School,7,5,M,4,94750.0,85000.0
HR,High_School,8,5,F,1,73000.0,73000.0
HR,High_School,8,5,M,3,61666.666666666664,61000.0
HR,High_School,9,4,F,1,108000.0,108000.0
HR,High_School,9,4,M,2,61500.0,61500.0
HR,High_School,10,4,F,1,102000.0,102000.0
HR,High_School,10,4,M,1,118000.0,118000.0
HR,High_School,11,4,F,3,84666.66666666667,74000.0
HR,High_School,12,4,F,1,71000.0,71000.0
HR,High_School,14,4,M,1,62000.0,62000.0
HR,High_School,18,2,F,1,181000.0,181000.0
HR,Master,1,5,F,59,81966.10169491525,78000.0
HR,Master,1,5,M,36,79722.22222222222,72000.0
HR,Master,2,4,F,3,86000.0,73000.0
HR,Master,2,4,M,2,89000.0,89000.0
HR,Master,2,5,F,48,83833.33333333333,83500.0
HR,Master,2,5,M,28,73107.14285714286,73000.0
HR,Master,3,3,M,1,204000.0,204000.0
HR,Master,3,4,F,1,78000.0,78000.0
HR,Master,3,4,M,2,109500.0,109500.0
HR,Master,3,5,F,49,87510.20408163265,85000.0
HR,Master,3,5,M,32,84312.5,79500.0
HR,Master,4,4,F,2,79500.0,79500.0
HR,Master,4,4,M,2,108000.0,108000.0
HR,Master,4,5,F,40,79850.0,79500.0
HR,Master,4,5,M,26,84423.07692307692,80000.0
HR,Master,5,4,F,1,132000.0,132000.0
HR,Master,5,4,M,2,124500.0,124500.0
HR,Master,5,5,F,31,86741.93548387097,75000.0
HR,Master,5,5,M,16,78937.5,78000.0
HR,Master,6,4,F,3,87666.66666666667,81000.0
HR,Master,6,4,M,2,107000.0,107000.0
HR,Master,6,5,F,18,88777.77777777778,86500.0
HR,Master,6,5,M,7,86142.85714285714,81000.0
HR,Master,7,4,F,3,102666.66666666667,115000.0
HR,Master,7,4,M,1,61000.0,61000.0
HR,Master,7,5,F,9,80111.11111111111,82000.0
HR,Master,7,5,M,10,78400.0,77500.0
HR,Master,8,3,M,1,153000.0,153000.0
HR,Master,8,4,F,1,87000.0,87000.0
HR,Master,8,4,M,2,125000.0,125000.0
HR,Master,8,5,F,7,75714.28571428571,74000.0
HR,Master,8,5,M,1,71000.0,71000.0
HR,Master,9,4,F,3,79333.33333333333,70000.0
HR,Master,9,5,F,3,72000.0,71000.0
HR,Master,9,5,M,1,65000.0,65000.0
HR,Master,10,4,F,2,144000.0,144000.0
HR,Master,10,4,M,3,87666.66666666667,84000.0
HR,Master,11,3,F,1,80000.0,80000.0
HR,Master,11,4,F,2,88500.0,88500.0
HR,Master,11,4,M,2,105500.0,105500.0
HR,Master,12,4,F,1,82000.0,82000.0
HR,Master,12,4,M,3,78666.66666666667,80000.0
HR,Master,14,4,F,2,112500.0,112500.0
HR,Master,18,3,F,1,116000.0,116000.0
HR,Master,19,2,M,1,112000.0,112000.0
HR,Master,20,3,M,1,131000.0,131000.0
HR,Master,24,2,M,1,325000.0,325000.0
HR,PhD,1,5,F,56,86196.42857142857,83500.0
HR,PhD,1,5,M,28,76750.0,76500.0
HR,PhD,2,4,M,3,75000.0,70000.0
HR,PhD,2,5,F,48,81125.0,77500.0
HR,PhD,2,5,M,21,74714.28571428571,72000.0
HR,PhD,3,3,M,1,127000.0,127000.0
HR,PhD,3,4,F,2,102000.0,102000.0
HR,PhD,3,4,M,3,67666.66666666667,65000.0
HR,PhD,3,5,F,51,81294.11764705883,79000.0
HR,PhD,3,5,M,24,81708.33333333333,80000.0
HR,PhD,4,4,F,1,75000.0,75000.0
HR,PhD,4,4,M,3,94666.66666666667,84000.0
HR,PhD,4,5,F,39,80820.51282051283,78000.0
HR,PhD,4,5,M,22,85727.27272727272,82500.0
HR,PhD,5,3,M,2,69500.0,69500.0
HR,PhD,5,4,F,1,66000.0,66000.0
HR,PhD,5,4,M,1,77000.0,77000.0
HR,PhD,5,5,F,21,83952.38095238095,83000.0
HR,PhD,5,5,M,22,81090.90909090909,77000.0
HR,PhD,6,2,M,1,202000.0,202000.0
HR,PhD,6,4,F,3,90666.66666666667,70000.0
HR,PhD,6,4,M,1,108000.0,108000.0
HR,PhD,6,5,F,26,80346.15384615384,80000.0
HR,PhD,6,5,M,10,80000.0,82000.0
HR,PhD,7,3,M,1,131000.0,131000.0
HR,PhD,7,4,F,1,103000.0,103000.0
HR,PhD,7,4,M,1,139000.0,139000.0
HR,PhD,7,5,F,15,83200.0,79000.0
HR,PhD,7,5,M,3,80000.0,83000.0
HR,PhD,8,3,F,1,156000.0,156000.0
HR,PhD,8,3,M,1,89000.0,89000.0
HR,PhD,8,4,M,1,156000.0,156000.0
HR,PhD,8,5,F,3,77000.0,78000.0
HR,PhD,8,5,M,14,81285.71428571429,73000.0
HR,PhD,9,2,M,1,180000.0,180000.0
HR,PhD,9,4,F,3,86666.66666666667,92000.0
HR,PhD,9,4,M,1,72000.0,72000.0
HR,PhD,9,5,F,4,73500.0,73000.0
HR,PhD,10,4,F,2,83000.0,83000.0
HR,PhD,10,4,M,3,84666.66666666667,85000.0
HR,PhD,11,3,F,1,139000.0,139000.0
HR,PhD,11,4,F,2,105500.0,105500.0
HR,PhD,11,4,M,3,107000.0,119000.0
HR,PhD,12,3,F,1,95000.0,95000.0
HR,PhD,12,3,M,1,88000.0,88000.0
HR,PhD,12,4,F,2,123500.0,123500.0
HR,PhD,13,4,F,2,104000.0,104000.0
HR,PhD,13,4,M,1,79000.0,79000.0
HR,PhD,14,4,F,4,98750.0,96000.0
HR,PhD,15,3,F,1,100000.0,100000.0
HR,PhD,17,3,M,1,173000.0,173000.0
HR,PhD,20,3,F,1,134000.0,134000.0
HR,PhD,20,3,M,1,107000.0,107000.0
HR,PhD,24,3,F,1,107000.0,107000.0
HR,PhD,28,1,F,1,500000.0,500000.0
HR,PhD,30,2,M,1,361000.0,361000.0
engineering,Bachelor,1,5,F,36,225305.55555555556,238500.0
engineering,Bachelor,1,5,M,122,252368.8524590164,254500.0
engineering,Bachelor,2,4,M,2,318000.0,318000.0
engineering,Bachelor,2,5,F,34,219970.58823529413,208500.0
engineering,Bachelor,2,5,M,109,249568.80733944953,259000.0
engineering,Bachelor,3,4,F,4,172500.0,156500.0
engineering,Bachelor,3,4,M,2,240500.0,240500.0
engineering,Bachelor,3,5,F,32,265156.25,277000.0
engineering,Bachelor,3,5,M,92,237510.86956521738,240000.0
engineering,Bachelor,4,3,M,1,396000.0,396000.0
engineering,Bachelor,4,4,M,5,249400.0,248000.0
engineering,Bachelor,4,5,F,19,251105.26315789475,257000.0
engineering,Bachelor,4,5,M,72,249472.22222222222,254000.0
engineering,Bachelor,5,4,M,3,203333.33333333334,237000.0
engineering,Bachelor,5,5,F,22,244181.81818181818,279000.0
engineering,Bachelor,5,5,M,46,231260.86956521738,240000.0
engineering,Bachelor,6,4,F,1,80000.0,80000.0
engineering,Bachelor,6,4,M,1,148000.0,148000.0
engineering,Bachelor,6,5,F,6,281666.6666666667,300000.0
engineering,Bachelor,6,5,M,33,256666.66666666666,273000.0
engineering,Bachelor,7,4,M,4,307250.0,307000.0
engineering,Bachelor,7,5,F,11,206090.9090909091,207000.0
engineering,Bachelor,7,5,M,18,266388.8888888889,288000.0
engineering,Bachelor,8,4,M,3,213333.33333333334,222000.0
engineering,Bachelor,8,5,F,7,158000.0,125000.0
engineering,Bachelor,8,5,M,7,241000.0,245000.0
engineering,Bachelor,9,4,F,2,281500.0,281500.0
engineering,Bachelor,9,4,M,4,232250.0,210500.0
engineering,Bachelor,9,5,F,3,273333.3333333333,301000.0
engineering,Bachelor,9,5,M,5,274600.0,321000.0
engineering,Bachelor,10,3,M,3,255333.33333333334,246000.0
engineering,Bachelor,10,4,F,4,270000.0,301000.0
engineering,Bachelor,10,4,M,1,312000.0,312000.0
engineering,Bachelor,11,3,F,2,255000.0,255000.0
engineering,Bachelor,11,3,M,1,336000.0,336000.0
engineering,Bachelor,11,4,M,3,217666.66666666666,225000.0
engineering,Bachelor,12,4,F,1,354000.0,354000.0
engineering,Bachelor,12,4,M,3,294666.6666666667,316000.0
engineering,Bachelor,13,4,M,3,178666.66666666666,142000.0
engineering,Bachelor,14,4,M,2,327000.0,327000.0
engineering,Bachelor,15,3,M,1,382000.0,382000.0
engineering,Bachelor,16,3,M,1,216000.0,216000.0
engineering,Bachelor,17,3,M,1,194000.0,194000.0
engineering,Bachelor,18,3,M,1,214000.0,214000.0
engineering,Bachelor,19,3,F,1,387000.0,387000.0
engineering,Bachelor,19,3,M,1,174000.0,174000.0
engineering,High_School,1,5,F,26,238423.07692307694,254000.0
engineering,High_School,1,5,M,68,229882.35294117648,219000.0
engineering,High_School,2,4,F,2,207500.0,207500.0
engineering,High_School,2,4,M,1,163000.0,163000.0
engineering,High_School,2,5,F,20,231600.0,239500.0
engineering,High_School,2,5,M,77,232194.8051948052,244000.0
engineering,High_School,3,4,M,3,213666.66666666666,184000.0
engineering,High_School,3,5,F,14,266642.85714285716,278000.0
engineering,High_School,3,5,M,56,247375.0,228000.0
engineering,High_School,4,4,M,1,73000.0,73000.0
engineering,High_School,4,5,F,15,240600.0,228000.0
engineering,High_School,4,5,M,46,258434.78260869565,274000.0
engineering,High_School,5,4,M,1,328000.0,328000.0
engineering,High_School,5,5,F,8,260625.0,304500.0
engineering,High_School,5,5,M,60,232816.66666666666,229500.0
engineering,High_School,6,4,M,2,245000.0,245000.0
engineering,High_School,6,5,F,5,245800.0,242000.0
engineering,High_School,6,5,M,22,235454.54545454544,232500.0
engineering,High_School,7,4,F,1,336000.0,336000.0
engineering,High_School,7,5,F,1,330000.0,330000.0
engineering,High_School,7,5,M,13,256384.61538461538,245000.0
engineering,High_School,8,4,M,1,105000.0,105000.0
engineering,High_School,8,5,F,4,213750.0,185000.0
engineering,High_School,8,5,M,6,248000.0,246500.0
engineering,High_School,9,4,F,1,231000.0,231000.0
engineering,High_School,9,5,M,3,227666.66666666666,177000.0
engineering,High_School,10,4,F,1,395000.0,395000.0
engineering,High_School,11,4,M,1,128000.0,128000.0
engineering,High_School,12,4,M,1,280000.0,280000.0
engineering,High_School,14,4,F,2,261000.0,261000.0
engineering,High_School,14,4,M,2,289000.0,289000.0
engineering,High_School,19,3,M,1,308000.0,308000.0
engineering,Master,1,5,F,31,258774.1935483871,275000.0
engineering,Master,1,5,M,99,251131.31313131313,258000.0
engineering,Master,2,4,F,1,182000.0,182000.0
engineering,Master,2,4,M,4,228750.0,240500.0
engineering,Master,2,5,F,41,261951.21951219512,272000.0
engineering,Master,2,5,M,97,224824.74226804124,212000.0
engineering,Master,3,3,M,1,378000.0,378000.0
engineering,Master,3,4,F,1,336000.0,336000.0
engineering,Master,3,4,M,6,318333.3333333333,350500.0
engineering,Master,3,5,F,32,241656.25,233000.0
engineering,Master,3,5,M,91,254263.73626373627,258000.0
engineering,Master,4,3,M,1,129000.0,129000.0
engineering,Master,4,4,F,1,338000.0,338000.0
engineering,Master,4,4,M,5,250000.0,304000.0
engineering,Master,4,5,F,26,241115.38461538462,251500.0
engineering,Master,4,5,M,67,235537.31343283583,234000.0
engineering,Master,5,3,M,1,144000.0,144000.0
engineering,Master,5,4,M,1,97000.0,97000.0
engineering,Master,5,5,F,20,238950.0,236000.0
engineering,Master,5,5,M,51,227372.54901960783,215000.0
engineering,Master,6,3,M,2,337000.0,337000.0
engineering,Master,6,4,F,1,376000.0,376000.0
engineering,Master,6,4,M,4,244750.0,254500.0
engineering,Master,6,5,F,9,222000.0,209000.0
engineering,Master,6,5,M,33,258878.78787878787,273000.0
engineering,Master,7,4,F,1,228000.0,228000.0
engineering,Master,7,4,M,2,169500.0,169500.0
engineering,Master,7,5,F,5,231000.0,223000.0
engineering,Master,7,5,M,21,223619.04761904763,203000.0
engineering,Master,8,2,M,1,266000.0,266000.0
engineering,Master,8,3,M,1,213000.0,213000.0
engineering,Master,8,4,F,6,314000.0,335500.0
engineering,Master,8,4,M,5,293600.0,309000.0
engineering,Master,8,5,F,3,283666.6666666667,349000.0
engineering,Master,8,5,M,8,219375.0,236000.0
engineering,Master,9,3,M,1,324000.0,324000.0
engineering,Master,9,4,M,6,273333.3333333333,267000.0
engineering,Master,9,5,F,3,313000.0,328000.0
engineering,Master,9,5,M,6,265333.3333333333,268500.0
engineering,Master,10,4,F,1,226000.0,226000.0
engineering,Master,10,4,M,4,226750.0,245000.0
engineering,Master,11,4,F,1,311000.0,311000.0
engineering,Master,11,4,M,1,84000.0,84000.0
engineering,Master,12,3,F,1,178000.0,178000.0
engineering,Master,12,4,M,1,145000.0,145000.0
engineering,Master,13,4,F,2,196500.0,196500.0
engineering,Master,13,4,M,5,268200.0,257000.0
engineering,Master,14,2,M,1,283000.0,283000.0
engineering,Master,14,4,F,2,201000.0,201000.0
engineering,Master,14,4,M,5,185200.0,202000.0
engineering,Master,16,2,M,1,271000.0,271000.0
engineering,Master,16,3,F,1,268000.0,268000.0
engineering,Master,19,3,M,1,187000.0,187000.0
engineering,Master,21,3,F,1,354000.0,354000.0
engineering,Master,22,3,M,1,303000.0,303000.0
engineering,Master,27,2,M,1,286000.0,286000.0
engineering,PhD,1,5,F,28,263678.5714285714,267500.0
engineering,PhD,1,5,M,112,238410.7142857143,239000.0
engineering,PhD,2,4,M,6,215500.0,191000.0
engineering,PhD,2,5,F,40,251050.0,236000.0
engineering,PhD,2,5,M,98,238704.08163265305,243000.0
engineering,PhD,3,3,M,2,304500.0,304500.0
engineering,PhD,3,4,M,2,259000.0,259000.0
engineering,PhD,3,5,F,31,256354.83870967742,247000.0
engineering,PhD,3,5,M,94,243755.31914893616,245500.0
engineering,PhD,4,4,F,3,224000.0,183000.0
engineering,PhD,4,4,M,9,226222.22222222222,276000.0
engineering,PhD,4,5,F,25,242280.0,259000.0
engineering,PhD,4,5,M,71,238084.50704225354,235000.0
engineering,PhD,5,4,F,2,282000.0,282000.0
engineering,PhD,5,4,M,3,293333.3333333333,263000.0
engineering,PhD,5,5,F,18,221500.0,192000.0
engineering,PhD,5,5,M,55,240727.27272727274,253000.0
engineering,PhD,6,3,M,1,144000.0,144000.0
engineering,PhD,6,4,F,1,210000.0,210000.0
engineering,PhD,6,4,M,3,218333.33333333334,192000.0
engineering,PhD,6,5,F,11,268909.0909090909,308000.0
engineering,PhD,6,5,M,35,229657.14285714287,250000.0
engineering,PhD,7,4,M,5,227400.0,231000.0
engineering,PhD,7,5,F,11,268727.2727272727,284000.0
engineering,PhD,7,5,M,20,229450.0,220000.0
engineering,PhD,8,4,F,2,222000.0,222000.0
engineering,PhD,8,4,M,5,303200.0,304000.0
engineering,PhD,8,5,F,7,284000.0,306000.0
engineering,PhD,8,5,M,8,251250.0,262000.0
engineering,PhD,9,4,F,4,226750.0,213500.0
engineering,PhD,9,4,M,5,205000.0,202000.0
engineering,PhD,9,5,F,1,236000.0,236000.0
engineering,PhD,9,5,M,3,336000.0,331000.0
engineering,PhD,10,3,M,1,395000.0,395000.0
engineering,PhD,10,4,F,2,301000.0,301000.0
engineering,PhD,10,4,M,3,194000.0,131000.0
engineering,PhD,11,2,M,1,251000.0,251000.0
engineering,PhD,11,4,M,6,248000.0,234000.0
engineering,PhD,12,3,M,1,228000.0,228000.0
engineering,PhD,12,4,F,2,245500.0,245500.0
engineering,PhD,12,4,M,2,206500.0,206500.0
engineering,PhD,13,2,F,1,99000.0,99000.0
engineering,PhD,13,4,F,4,233750.0,230500.0
engineering,PhD,13,4,M,5,230000.0,227000.0
engineering,PhD,14,3,M,2,326500.0,326500.0
engineering,PhD,14,4,M,5,323000.0,315000.0
engineering,PhD,15,3,F,1,122000.0,122000.0
engineering,PhD,15,3,M,1,188000.0,188000.0
engineering,PhD,16,3,M,1,95000.0,95000.0
engineering,PhD,17,3,M,1,93000.0,93000.0
engineering,PhD,18,3,M,1,334000.0,334000.0
engineering,PhD,19,2,M,2,259000.0,259000.0
engineering,PhD,19,3,M,3,184333.33333333334,205000.0
engineering,PhD,22,3,M,1,301000.0,301000.0
engineering,PhD,23,3,F,1,365000.0,365000.0
engineering,PhD,24,2,M,1,199000.0,199000.0
engineering,PhD,33,1,M,1,650000.0,650000.0
engineering,PhD,33,2,F,1,330000.0,330000.0
marketing,Bachelor,1,5,F,38,212973.68421052632,195000.0
marketing,Bachelor,1,5,M,71,190154.9295774648,185000.0
marketing,Bachelor,2,4,M,1,260000.0,260000.0
marketing,Bachelor,2,5,F,32,190718.75,176000.0
marketing,Bachelor,2,5,M,63,203857.14285714287,202000.0
marketing,Bachelor,3,5,F,18,193333.33333333334,174500.0
marketing,Bachelor,3,5,M,65,185323.07692307694,186000.0
marketing,Bachelor,4,4,F,1,297000.0,297000.0
marketing,Bachelor,4,4,M,5,166200.0,153000.0
marketing,Bachelor,4,5,F,27,202629.62962962964,185000.0
marketing,Bachelor,4,5,M,50,180360.0,166500.0
marketing,Bachelor,5,4,F,1,189000.0,189000.0
marketing,Bachelor,5,4,M,4,220250.0,206500.0
marketing,Bachelor,5,5,F,11,224636.36363636365,196000.0
marketing,Bachelor,5,5,M,28,188392.85714285713,184000.0
marketing,Bachelor,6,4,M,1,281000.0,281000.0
marketing,Bachelor,6,5,F,14,148428.57142857142,144000.0
marketing,Bachelor,6,5,M,19,190368.42105263157,185000.0
marketing,Bachelor,7,4,F,1,165000.0,165000.0
marketing,Bachelor,7,4,M,3,248000.0,250000.0
marketing,Bachelor,7,5,F,4,200750.0,204500.0
marketing,Bachelor,7,5,M,9,193888.88888888888,211000.0
marketing,Bachelor,8,3,M,1,257000.0,257000.0
marketing,Bachelor,8,4,F,1,151000.0,151000.0
marketing,Bachelor,8,4,M,3,275000.0,293000.0
marketing,Bachelor,8,5,F,3,212000.0,246000.0
marketing,Bachelor,8,5,M,7,185571.42857142858,194000.0
marketing,Bachelor,9,4,F,1,76000.0,76000.0
marketing,Bachelor,9,4,M,1,340000.0,340000.0
marketing,Bachelor,9,5,F,3,220333.33333333334,274000.0
marketing,Bachelor,9,5,M,4,140250.0,97500.0
marketing,Bachelor,10,2,M,1,177000.0,177000.0
marketing,Bachelor,10,4,M,3,164000.0,153000.0
marketing,Bachelor,11,3,M,1,144000.0,144000.0
marketing,Bachelor,11,4,M,2,171000.0,171000.0
marketing,Bachelor,12,4,M,1,302000.0,302000.0
marketing,Bachelor,13,4,F,1,140000.0,140000.0
marketing,Bachelor,14,3,M,1,190000.0,190000.0
marketing,Bachelor,14,4,F,1,196000.0,196000.0
marketing,Bachelor,14,4,M,1,223000.0,223000.0
marketing,Bachelor,21,3,F,1,182000.0,182000.0
marketing,Bachelor,24,3,F,1,177000.0,177000.0
marketing,Bachelor,24,3,M,1,206000.0,206000.0
marketing,High_School,1,5,F,22,164363.63636363635,157500.0
marketing,High_School,1,5,M,48,195229.16666666666,201500.0
marketing,High_School,2,5,F,22,174500.0,166000.0
marketing,High_School,2,5,M,40,193350.0,167000.0
marketing,High_School,3,4,M,1,217000.0,217000.0
marketing,High_School,3,5,F,14,198214.2857142857,171500.0
marketing,High_School,3,5,M,44,193318.18181818182,191000.0
marketing,High_School,4,4,M,1,209000.0,209000.0
marketing,High_School,4,5,F,13,206769.23076923078,204000.0
marketing,High_School,4,5,M,35,200571.42857142858,203000.0
marketing,High_School,5,4,F,1,259000.0,259000.0
marketing,High_School,5,4,M,1,158000.0,158000.0
marketing,High_School,5,5,F,20,193050.0,184000.0
marketing,High_School,5,5,M,30,183100.0,178500.0
marketing,High_School,6,5,F,5,178200.0,124000.0
marketing,High_School,6,5,M,5,196200.0,164000.0
marketing,High_School,7,5,F,3,201000.0,167000.0
marketing,High_School,7,5,M,6,191000.0,170000.0
marketing,High_School,8,5,M,2,223000.0,223000.0
marketing,High_School,9,5,F,2,223500.0,223500.0
marketing,High_School,9,5,M,2,169000.0,169000.0
marketing,High_School,10,4,F,1,62000.0,62000.0
marketing,High_School,10,4,M,1,136000.0,136000.0
marketing,High_School,11,4,M,1,276000.0,276000.0
marketing,High_School,12,4,M,1,146000.0,146000.0
marketing,High_School,13,4,F,1,269000.0,269000.0
marketing,High_School,13,4,M,1,109000.0,109000.0
marketing,High_School,21,3,F,1,289000.0,289000.0
marketing,High_School,23,2,F,1,102000.0,102000.0
marketing,Master,1,5,F,34,181705.88235294117,195000.0
marketing,Master,1,5,M,79,184392.40506329114,172000.0
marketing,Master,2,4,F,4,180500.0,159000.0
marketing,Master,2,4,M,3,192666.66666666666,153000.0
marketing,Master,2,5,F,39,180025.64102564103,162000.0
marketing,Master,2,5,M,68,178397.0588235294,181000.0
marketing,Master,3,4,M,3,135333.33333333334,123000.0
marketing,Master,3,5,F,41,172731.70731707316,171000.0
marketing,Master,3,5,M,69,198086.95652173914,209000.0
marketing,Master,4,4,F,2,168500.0,168500.0
marketing,Master,4,4,M,2,213000.0,213000.0
marketing,Master,4,5,F,22,212590.9090909091,214500.0
marketing,Master,4,5,M,37,208027.02702702704,205000.0
marketing,Master,5,4,F,1,312000.0,312000.0
marketing,Master,5,4,M,2,124500.0,124500.0
marketing,Master,5,5,F,15,190600.0,195000.0
marketing,Master,5,5,M,49,183959.18367346938,183000.0
marketing,Master,6,4,M,2,112500.0,112500.0
marketing,Master,6,5,F,11,177909.0909090909,172000.0
marketing,Master,6,5,M,22,208545.45454545456,194500.0
marketing,Master,7,3,M,1,259000.0,259000.0
marketing,Master,7,4,F,3,208333.33333333334,215000.0
marketing,Master,7,4,M,2,218500.0,218500.0
marketing,Master,7,5,F,7,204142.85714285713,216000.0
marketing,Master,7,5,M,10,165900.0,155000.0
marketing,Master,8,4,M,1,278000.0,278000.0
marketing,Master,8,5,F,3,164666.66666666666,162000.0
marketing,Master,8,5,M,5,208200.0,202000.0
marketing,Master,9,4,F,3,185333.33333333334,199000.0
marketing,Master,9,4,M,2,132000.0,132000.0
marketing,Master,9,5,F,1,116000.0,116000.0
marketing,Master,9,5,M,6,162833.33333333334,168000.0
marketing,Master,10,2,M,1,218000.0,218000.0
marketing,Master,10,4,F,2,203000.0,203000.0
marketing,Master,10,4,M,1,63000.0,63000.0
marketing,Master,11,4,F,1,138000.0,138000.0
marketing,Master,11,4,M,4,230750.0,243000.0
marketing,Master,12,3,M,1,152000.0,152000.0
marketing,Master,12,4,F,2,285000.0,285000.0
marketing,Master,12,4,M,4,250750.0,278000.0
marketing,Master,13,3,F,1,287000.0,287000.0
marketing,Master,13,3,M,1,117000.0,117000.0
marketing,Master,13,4,F,1,254000.0,254000.0
marketing,Master,13,4,M,2,192500.0,192500.0
marketing,Master,14,4,F,2,191500.0,191500.0
marketing,Master,14,4,M,3,180333.33333333334,177000.0
marketing,Master,15,2,M,1,191000.0,191000.0
marketing,Master,18,3,M,1,140000.0,140000.0
marketing,Master,20,3,M,1,125000.0,125000.0
marketing,Master,21,1,M,1,550000.0,550000.0
marketing,Master,21,2,F,1,210000.0,210000.0
marketing,Master,23,3,M,1,249000.0,249000.0
marketing,Master,24,2,M,1,369000.0,369000.0
marketing,PhD,1,5,F,34,179676.4705882353,173000.0
marketing,PhD,1,5,M,74,198851.35135135136,203500.0
marketing,PhD,2,4,F,2,166500.0,166500.0
marketing,PhD,2,4,M,3,221666.66666666666,228000.0
marketing,PhD,2,5,F,23,179782.60869565216,158000.0
marketing,PhD,2,5,M,70,189071.42857142858,182000.0
marketing,PhD,3,4,F,2,147500.0,147500.0
marketing,PhD,3,4,M,5,280400.0,279000.0
marketing,PhD,3,5,F,42,204857.14285714287,198000.0
marketing,PhD,3,5,M,64,203625.0,203000.0
marketing,PhD,4,4,F,1,151000.0,151000.0
marketing,PhD,4,4,M,6,208000.0,228000.0
marketing,PhD,4,5,F,17,210352.9411764706,202000.0
marketing,PhD,4,5,M,53,211396.22641509434,211000.0
marketing,PhD,5,4,M,2,139500.0,139500.0
marketing,PhD,5,5,F,17,199058.82352941178,216000.0
marketing,PhD,5,5,M,29,207586.2068965517,213000.0
marketing,PhD,6,3,M,2,298000.0,298000.0
marketing,PhD,6,4,F,2,176500.0,176500.0
marketing,PhD,6,4,M,3,303666.6666666667,309000.0
marketing,PhD,6,5,F,16,217312.5,242500.0
marketing,PhD,6,5,M,23,213913.04347826086,212000.0
marketing,PhD,7,3,M,1,71000.0,71000.0
marketing,PhD,7,4,F,2,161000.0,161000.0
marketing,PhD,7,4,M,3,289000.0,304000.0
marketing,PhD,7,5,F,9,209333.33333333334,220000.0
marketing,PhD,7,5,M,14,190928.57142857142,178000.0
marketing,PhD,8,4,F,2,152500.0,152500.0
marketing,PhD,8,4,M,11,197363.63636363635,212000.0
marketing,PhD,8,5,F,3,149333.33333333334,148000.0
marketing,PhD,8,5,M,9,213777.77777777778,212000.0
marketing,PhD,9,4,M,5,159600.0,173000.0
marketing,PhD,9,5,F,3,248333.33333333334,195000.0
marketing,PhD,9,5,M,5,243200.0,255000.0
marketing,PhD,10,4,M,3,204666.66666666666,188000.0
marketing,PhD,11,3,F,1,175000.0,175000.0
marketing,PhD,11,3,M,1,226000.0,226000.0
marketing,PhD,11,4,F,1,347000.0,347000.0
marketing,PhD,11,4,M,3,194000.0,160000.0
marketing,PhD,12,4,F,1,226000.0,226000.0
marketing,PhD,12,4,M,1,198000.0,198000.0
marketing,PhD,13,3,M,1,242000.0,242000.0
marketing,PhD,13,4,F,2,187000.0,187000.0
marketing,PhD,13,4,M,6,180833.33333333334,187000.0
marketing,PhD,14,4,M,3,164333.33333333334,140000.0
marketing,PhD,15,3,M,2,384000.0,384000.0
marketing,PhD,16,3,F,1,308000.0,308000.0
marketing,PhD,17,3,F,2,259500.0,259500.0
marketing,PhD,18,3,F,1,319000.0,319000.0
marketing,PhD,18,3,M,1,287000.0,287000.0
marketing,PhD,19,3,M,1,106000.0,106000.0
marketing,PhD,20,3,F,1,294000.0,294000.0
marketing,PhD,21,3,F,1,61000.0,61000.0
marketing,PhD,22,3,F,3,267666.6666666667,277000.0
marketing,PhD,22,3,M,1,205000.0,205000.0
marketing,PhD,24,3,F,1,89000.0,89000.0
marketing,PhD,26,2,M,1,359000.0,359000.0
marketing,PhD,27,2,M,1,189000.0,189000.0
marketing,PhD,33,2,M,1,397000.0,397000.0
sales,Bachelor,1,5,F,56,183321.42857142858,195500.0
sales,Bachelor,1,5,M,116,181474.1379310345,169500.0
sales,Bachelor,2,4,F,1,126000.0,126000.0
sales,Bachelor,2,4,M,5,117200.0,106000.0
sales,Bachelor,2,5,F,63,178063.49206349207,182000.0
sales,Bachelor,2,5,M,136,201683.82352941178,197000.0
sales,Bachelor,3,4,F,2,252500.0,252500.0
sales,Bachelor,3,4,M,8,178250.0,173000.0
sales,Bachelor,3,5,F,65,191476.92307692306,176000.0
sales,Bachelor,3,5,M,117,193564.10256410256,196000.0
sales,Bachelor,4,4,M,3,172000.0,136000.0
sales,Bachelor,4,5,F,38,202157.8947368421,184000.0
sales,Bachelor,4,5,M,92,191858.69565217392,182500.0
sales,Bachelor,5,4,F,4,195250.0,206000.0
sales,Bachelor,5,4,M,4,160000.0,146500.0
sales,Bachelor,5,5,F,34,200470.58823529413,209500.0
sales,Bachelor,5,5,M,66,198287.87878787878,191000.0
sales,Bachelor,6,4,F,1,215000.0,215000.0
sales,Bachelor,6,4,M,4,246500.0,248000.0
sales,Bachelor,6,5,F,21,213285.7142857143,223000.0
sales,Bachelor,6,5,M,46,195086.95652173914,191000.0
sales,Bachelor,7,3,M,1,326000.0,326000.0
sales,Bachelor,7,4,F,2,239500.0,239500.0
sales,Bachelor,7,4,M,3,282000.0,354000.0
sales,Bachelor,7,5,F,18,223944.44444444444,241500.0
sales,Bachelor,7,5,M,28,194214.2857142857,166000.0
sales,Bachelor,8,4,F,2,150500.0,150500.0
sales,Bachelor,8,4,M,3,136333.33333333334,136000.0
sales,Bachelor,8,5,F,8,221250.0,208500.0
sales,Bachelor,8,5,M,10,172800.0,173500.0
sales,Bachelor,9,4,F,3,237666.66666666666,232000.0
sales,Bachelor,9,4,M,6,199666.66666666666,196500.0
sales,Bachelor,9,5,F,6,131500.0,126500.0
sales,Bachelor,9,5,M,7,183428.57142857142,192000.0
sales,Bachelor,10,3,M,1,264000.0,264000.0
sales,Bachelor,10,4,F,1,158000.0,158000.0
sales,Bachelor,10,4,M,4,185250.0,182000.0
sales,Bachelor,11,4,F,1,231000.0,231000.0
sales,Bachelor,11,4,M,5,196800.0,169000.0
sales,Bachelor,12,4,F,1,84000.0,84000.0
sales,Bachelor,12,4,M,3,148000.0,150000.0
sales,Bachelor,13,3,F,1,260000.0,260000.0
sales,Bachelor,13,4,F,1,195000.0,195000.0
sales,Bachelor,13,4,M,5,182200.0,189000.0
sales,Bachelor,14,4,F,3,251333.33333333334,248000.0
sales,Bachelor,14,4,M,3,249000.0,234000.0
sales,Bachelor,15,2,M,1,284000.0,284000.0
sales,Bachelor,15,3,M,1,284000.0,284000.0
sales,Bachelor,18,3,F,1,226000.0,226000.0
sales,Bachelor,30,2,F,1,328000.0,328000.0
sales,High_School,1,5,F,35,186200.0,163000.0
sales,High_School,1,5,M,87,180413.7931034483,172000.0
sales,High_School,2,4,M,2,202500.0,202500.0
sales,High_School,2,5,F,36,189000.0,186500.0
sales,High_School,2,5,M,77,206844.15584415584,199000.0
sales,High_School,3,3,M,1,250000.0,250000.0
sales,High_School,3,4,F,1,266000.0,266000.0
sales,High_School,3,4,M,2,118000.0,118000.0
sales,High_School,3,5,F,32,204875.0,204500.0
sales,High_School,3,5,M,84,188416.66666666666,177500.0
sales,High_School,4,4,M,1,217000.0,217000.0
sales,High_School,4,5,F,31,198903.2258064516,203000.0
sales,High_School,4,5,M,41,198463.41463414635,194000.0
sales,High_School,5,4,M,3,166333.33333333334,113000.0
sales,High_School,5,5,F,21,199428.57142857142,193000.0
sales,High_School,5,5,M,42,189404.7619047619,180500.0
sales,High_School,6,5,F,10,236100.0,229000.0
sales,High_School,6,5,M,24,191125.0,187500.0
sales,High_School,7,3,M,1,295000.0,295000.0
sales,High_School,7,4,F,1,264000.0,264000.0
sales,High_School,7,5,F,12,189833.33333333334,168000.0
sales,High_School,7,5,M,18,175666.66666666666,197000.0
sales,High_School,8,4,F,1,268000.0,268000.0
sales,High_School,8,5,F,4,146250.0,138500.0
sales,High_School,8,5,M,10,198600.0,218000.0
sales,High_School,9,4,F,1,281000.0,281000.0
sales,High_School,9,5,F,4,171500.0,170000.0
sales,High_School,9,5,M,2,223500.0,223500.0
sales,High_School,10,4,M,2,178500.0,178500.0
sales,High_School,11,3,M,2,148500.0,148500.0
sales,High_School,11,4,M,3,119333.33333333333,69000.0
sales,High_School,12,4,F,1,368000.0,368000.0
sales,High_School,13,3,M,1,97000.0,97000.0
sales,High_School,13,4,M,1,309000.0,309000.0
sales,High_School,14,4,F,1,359000.0,359000.0
sales,High_School,14,4,M,1,238000.0,238000.0
sales,High_School,18,3,F,1,138000.0,138000.0
sales,High_School,19,3,M,1,164000.0,164000.0
sales,Master,1,5,F,50,172100.0,162000.0
sales,Master,1,5,M,134,199910.44776119402,195000.0
sales,Master,2,4,F,3,143333.33333333334,86000.0
sales,Master,2,4,M,4,153000.0,153500.0
sales,Master,2,5,F,56,204017.85714285713,198000.0
sales,Master,2,5,M,117,198256.41025641025,194000.0
sales,Master,3,4,F,7,235571.42857142858,232000.0
sales,Master,3,4,M,4,194000.0,202500.0
sales,Master,3,5,F,50,181820.0,164500.0
sales,Master,3,5,M,126,192380.95238095237,188500.0
sales,Master,4,3,M,1,204000.0,204000.0
sales,Master,4,4,F,1,337000.0,337000.0
sales,Master,4,4,M,5,218000.0,257000.0
sales,Master,4,5,F,48,190645.83333333334,190500.0
sales,Master,4,5,M,90,182566.66666666666,183000.0
sales,Master,5,3,F,1,295000.0,295000.0
sales,Master,5,3,M,1,217000.0,217000.0
sales,Master,5,4,F,3,171666.66666666666,157000.0
sales,Master,5,4,M,7,218142.85714285713,213000.0
sales,Master,5,5,F,31,205290.32258064515,196000.0
sales,Master,5,5,M,47,216361.70212765958,204000.0
sales,Master,6,3,M,1,125000.0,125000.0
sales,Master,6,4,M,8,251500.0,260500.0
sales,Master,6,5,F,23,186434.78260869565,191000.0
sales,Master,6,5,M,35,183028.57142857142,175000.0
sales,Master,7,4,F,2,185000.0,185000.0
sales,Master,7,4,M,6,264666.6666666667,273000.0
sales,Master,7,5,F,15,183600.0,184000.0
sales,Master,7,5,M,25,181520.0,171000.0
sales,Master,8,4,F,2,166500.0,166500.0
sales,Master,8,4,M,8,152750.0,181000.0
sales,Master,8,5,F,7,167285.7142857143,158000.0
sales,Master,8,5,M,11,206909.0909090909,190000.0
sales,Master,9,4,F,2,153000.0,153000.0
sales,Master,9,4,M,6,220166.66666666666,241000.0
sales,Master,9,5,F,4,197750.0,197000.0
sales,Master,9,5,M,6,211333.33333333334,196000.0
sales,Master,10,3,F,2,223500.0,223500.0
sales,Master,10,4,F,3,184000.0,157000.0
sales,Master,10,4,M,5,182600.0,182000.0
sales,Master,11,3,M,2,89000.0,89000.0
sales,Master,11,4,F,1,115000.0,115000.0
sales,Master,11,4,M,6,230000.0,244500.0
sales,Master,12,4,F,3,191000.0,220000.0
sales,Master,12,4,M,2,216500.0,216500.0
sales,Master,13,3,F,1,269000.0,269000.0
sales,Master,13,4,F,5,219600.0,275000.0
sales,Master,13,4,M,5,213800.0,215000.0
sales,Master,14,4,F,3,174333.33333333334,158000.0
sales,Master,14,4,M,1,190000.0,190000.0
sales,Master,15,3,M,2,236000.0,236000.0
sales,Master,16,2,M,1,265000.0,265000.0
sales,Master,16,3,M,2,257000.0,257000.0
sales,Master,17,3,M,2,211000.0,211000.0
sales,Master,18,3,M,2,251000.0,251000.0
sales,Master,19,3,M,2,265500.0,265500.0
sales,Master,20,3,F,2,133000.0,133000.0
sales,Master,20,3,M,2,298000.0,298000.0
sales,Master,21,3,M,1,213000.0,213000.0
sales,Master,22,1,M,1,550000.0,550000.0
sales,Master,23,3,M,1,285000.0,285000.0
sales,Master,26,2,M,1,195000.0,195000.0
sales,Master,32,2,M,1,239000.0,239000.0
sales,PhD,1,5,F,65,186984.61538461538,180000.0
sales,PhD,1,5,M,136,202375.0,193000.0
sales,PhD,2,4,F,1,305000.0,305000.0
sales,PhD,2,4,M,4,162250.0,176500.0
sales,PhD,2,5,F,65,199630.76923076922,203000.0
sales,PhD,2,5,M,115,198678.26086956522,205000.0
sales,PhD,3,4,F,2,202000.0,202000.0
sales,PhD,3,4,M,6,151500.0,158000.0
sales,PhD,3,5,F,46,195739.13043478262,189500.0
sales,PhD,3,5,M,109,188889.90825688074,192000.0
sales,PhD,4,3,M,1,277000.0,277000.0
sales,PhD,4,4,M,7,183142.85714285713,210000.0
sales,PhD,4,5,F,41,206268.29268292684,198000.0
sales,PhD,4,5,M,88,194943.18181818182,186000.0
sales,PhD,5,4,F,1,136000.0,136000.0
sales,PhD,5,4,M,9,216111.11111111112,162000.0
sales,PhD,5,5,F,34,202029.41176470587,199500.0
sales,PhD,5,5,M,61,183442.62295081967,185000.0
sales,PhD,6,3,M,2,188000.0,188000.0
sales,PhD,6,4,F,1,203000.0,203000.0
sales,PhD,6,4,M,6,147000.0,151500.0
sales,PhD,6,5,F,27,175259.25925925927,156000.0
sales,PhD,6,5,M,33,196333.33333333334,193000.0
sales,PhD,7,2,M,1,325000.0,325000.0
sales,PhD,7,3,M,1,126000.0,126000.0
sales,PhD,7,4,F,4,190500.0,189500.0
sales,PhD,7,4,M,6,201166.66666666666,220000.0
sales,PhD,7,5,F,12,198833.33333333334,204000.0
sales,PhD,7,5,M,17,222470.58823529413,212000.0
sales,PhD,8,3,M,1,211000.0,211000.0
sales,PhD,8,4,F,1,206000.0,206000.0
sales,PhD,8,4,M,4,156250.0,106500.0
sales,PhD,8,5,F,4,185500.0,180500.0
sales,PhD,8,5,M,15,159200.0,151000.0
sales,PhD,9,4,F,3,285666.6666666667,274000.0
sales,PhD,9,4,M,2,132000.0,132000.0
sales,PhD,9,5,F,3,152000.0,120000.0
sales,PhD,9,5,M,2,212500.0,212500.0
sales,PhD,10,3,M,2,126000.0,126000.0
sales,PhD,10,4,F,5,191200.0,190000.0
sales,PhD,10,4,M,4,191750.0,190500.0
sales,PhD,11,4,F,3,148666.66666666666,115000.0
sales,PhD,11,4,M,4,197250.0,170000.0
sales,PhD,12,3,F,2,230500.0,230500.0
sales,PhD,12,4,M,3,142333.33333333334,111000.0
sales,PhD,13,4,M,4,149750.0,144500.0
sales,PhD,14,4,F,4,264000.0,268500.0
sales,PhD,14,4,M,3,175666.66666666666,184000.0
sales,PhD,15,3,M,1,67000.0,67000.0
sales,PhD,16,3,F,1,153000.0,153000.0
sales,PhD,16,3,M,1,328000.0,328000.0
sales,PhD,17,3,F,1,91000.0,91000.0
sales,PhD,18,3,M,1,230000.0,230000.0
sales,PhD,20,3,M,2,196000.0,196000.0
sales,PhD,21,3,F,1,291000.0,291000.0
sales,PhD,23,3,M,1,244000.0,244000.0
sales,PhD,26,2,F,1,359000.0,359000.0
sales,PhD,26,2,M,1,234000.0,234000.0
sales,PhD,32,2,F,1,346000.0,346000.0
sales,PhD,34,2,F,1,380000.0,380000.0
