boss_id,sex,employee_count,percentage_within_team
79,F,3,33.333333333333336
79,M,6,66.66666666666667
90,F,2,25.0
90,M,6,75.0
252,F,7,70.0
252,M,3,30.0
742,F,8,47.05882352941177
742,M,9,52.94117647058823
754,F,8,50.0
754,M,8,50.0
779,F,2,25.0
779,M,6,75.0
1050,F,6,42.857142857142854
1050,M,8,57.142857142857146
1610,M,14,100.0
1651,F,3,25.0
1651,M,9,75.0
1791,F,4,57.142857142857146
1791,M,3,42.857142857142854
1808,F,6,42.857142857142854
1808,M,8,57.142857142857146
1872,M,10,100.0
2308,F,2,66.66666666666667
2308,M,1,33.333333333333336
2644,F,2,20.0
2644,M,8,80.0
3235,F,2,28.571428571428573
3235,M,5,71.42857142857143
3260,F,2,22.22222222222222
3260,M,7,77.77777777777777
3802,F,2,66.66666666666667
3802,M,1,33.333333333333336
3917,F,2,28.571428571428573
3917,M,5,71.42857142857143
4110,F,8,44.44444444444444
4110,M,10,55.55555555555556
4259,F,1,12.5
4259,M,7,87.5
4384,F,10,62.5
4384,M,6,37.5
4394,F,5,33.333333333333336
4394,M,10,66.66666666666667
4421,F,2,22.22222222222222
4421,M,7,77.77777777777777
4440,F,1,7.6923076923076925
4440,M,12,92.3076923076923
5222,F,3,42.857142857142854
5222,M,4,57.142857142857146
5282,F,5,29.41176470588235
5282,M,12,70.58823529411765
5342,F,3,60.0
5342,M,2,40.0
5374,F,8,47.05882352941177
5374,M,9,52.94117647058823
5692,M,6,100.0
5743,F,6,35.294117647058826
5743,M,11,64.70588235294117
5875,F,3,33.333333333333336
5875,M,6,66.66666666666667
5889,F,9,69.23076923076923
5889,M,4,30.76923076923077
6027,F,1,33.333333333333336
6027,M,2,66.66666666666667
6335,F,1,10.0
6335,M,9,90.0
6536,F,5,38.46153846153846
6536,M,8,61.53846153846154
7095,F,5,50.0
7095,M,5,50.0
7212,F,4,30.76923076923077
7212,M,9,69.23076923076923
7255,F,4,23.529411764705884
7255,M,13,76.47058823529412
7349,F,2,20.0
7349,M,8,80.0
7531,M,2,100.0
7558,M,3,100.0
7966,F,4,40.0
7966,M,6,60.0
8182,F,2,15.384615384615385
8182,M,11,84.61538461538461
8193,F,2,28.571428571428573
8193,M,5,71.42857142857143
8198,F,1,7.6923076923076925
8198,M,12,92.3076923076923
8207,F,1,33.333333333333336
8207,M,2,66.66666666666667
8663,F,3,25.0
8663,M,9,75.0
8665,F,1,25.0
8665,M,3,75.0
8711,F,11,50.0
8711,M,11,50.0
8812,F,11,68.75
8812,M,5,31.25
8856,F,2,20.0
8856,M,8,80.0
9239,F,4,28.571428571428573
9239,M,10,71.42857142857143
9400,F,7,70.0
9400,M,3,30.0
9706,F,1,20.0
9706,M,4,80.0
10357,F,3,21.428571428571427
10357,M,11,78.57142857142857
10773,F,4,33.333333333333336
10773,M,8,66.66666666666667
10786,F,6,50.0
10786,M,6,50.0
10922,F,4,36.36363636363637
10922,M,7,63.63636363636363
11275,F,2,14.285714285714286
11275,M,12,85.71428571428571
11277,F,4,40.0
11277,M,6,60.0
11507,F,10,55.55555555555556
11507,M,8,44.44444444444444
12214,F,2,18.181818181818183
12214,M,9,81.81818181818181
12649,F,3,20.0
12649,M,12,80.0
12679,F,5,55.55555555555556
12679,M,4,44.44444444444444
12877,F,3,30.0
12877,M,7,70.0
14226,F,5,50.0
14226,M,5,50.0
14241,F,6,66.66666666666667
14241,M,3,33.333333333333336
14299,F,1,7.6923076923076925
14299,M,12,92.3076923076923
14465,F,7,63.63636363636363
14465,M,4,36.36363636363637
14470,F,2,16.666666666666668
14470,M,10,83.33333333333333
15277,F,4,40.0
15277,M,6,60.0
15768,F,9,75.0
15768,M,3,25.0
16073,F,7,53.84615384615385
16073,M,6,46.15384615384615
16178,F,1,50.0
16178,M,1,50.0
16445,F,5,33.333333333333336
16445,M,10,66.66666666666667
16510,F,3,25.0
16510,M,9,75.0
16785,F,1,16.666666666666668
16785,M,5,83.33333333333333
17211,F,8,61.53846153846154
17211,M,5,38.46153846153846
17291,F,4,33.333333333333336
17291,M,8,66.66666666666667
17395,M,3,100.0
17837,F,1,25.0
17837,M,3,75.0
18295,F,1,25.0
18295,M,3,75.0
18312,F,1,10.0
18312,M,9,90.0
18627,F,3,33.333333333333336
18627,M,6,66.66666666666667
18939,F,2,20.0
18939,M,8,80.0
19424,F,5,38.46153846153846
19424,M,8,61.53846153846154
19524,F,1,16.666666666666668
19524,M,5,83.33333333333333
19806,F,4,36.36363636363637
19806,M,7,63.63636363636363
20378,F,3,50.0
20378,M,3,50.0
20828,F,5,35.714285714285715
20828,M,9,64.28571428571429
20901,F,5,45.45454545454545
20901,M,6,54.54545454545455
21086,F,10,66.66666666666667
21086,M,5,33.333333333333336
21377,F,3,37.5
21377,M,5,62.5
21470,F,8,42.10526315789474
21470,M,11,57.89473684210526
21604,F,5,62.5
21604,M,3,37.5
22090,F,2,20.0
22090,M,8,80.0
22145,F,2,28.571428571428573
22145,M,5,71.42857142857143
22887,F,8,61.53846153846154
22887,M,5,38.46153846153846
22977,F,5,55.55555555555556
22977,M,4,44.44444444444444
23100,F,3,50.0
23100,M,3,50.0
23120,F,2,22.22222222222222
23120,M,7,77.77777777777777
23565,F,4,33.333333333333336
23565,M,8,66.66666666666667
23737,F,13,76.47058823529412
23737,M,4,23.529411764705884
23830,M,4,100.0
24015,F,3,42.857142857142854
24015,M,4,57.142857142857146
24071,F,2,22.22222222222222
24071,M,7,77.77777777777777
24287,F,5,71.42857142857143
24287,M,2,28.571428571428573
24489,F,1,25.0
24489,M,3,75.0
24681,F,2,28.571428571428573
24681,M,5,71.42857142857143
24691,M,4,100.0
24979,F,5,50.0
24979,M,5,50.0
25036,F,2,66.66666666666667
25036,M,1,33.333333333333336
25367,F,2,25.0
25367,M,6,75.0
25805,F,1,20.0
25805,M,4,80.0
25934,F,5,41.666666666666664
25934,M,7,58.333333333333336
26053,F,2,40.0
26053,M,3,60.0
26183,F,4,28.571428571428573
26183,M,10,71.42857142857143
26468,F,3,25.0
26468,M,9,75.0
26505,F,4,40.0
26505,M,6,60.0
26757,F,2,22.22222222222222
26757,M,7,77.77777777777777
27018,F,6,75.0
27018,M,2,25.0
27393,F,2,22.22222222222222
27393,M,7,77.77777777777777
27660,F,3,75.0
27660,M,1,25.0
27704,F,4,25.0
27704,M,12,75.0
27718,F,5,83.33333333333333
27718,M,1,16.666666666666668
27781,F,5,45.45454545454545
27781,M,6,54.54545454545455
28697,F,2,40.0
28697,M,3,60.0
28979,F,4,40.0
28979,M,6,60.0
29410,F,3,25.0
29410,M,9,75.0
29508,F,9,75.0
29508,M,3,25.0
29547,F,4,33.333333333333336
29547,M,8,66.66666666666667
29712,F,3,27.272727272727273
29712,M,8,72.72727272727273
29733,F,8,72.72727272727273
29733,M,3,27.272727272727273
29749,F,7,77.77777777777777
29749,M,2,22.22222222222222
29960,F,6,42.857142857142854
29960,M,8,57.142857142857146
30468,F,4,33.333333333333336
30468,M,8,66.66666666666667
30488,F,4,33.333333333333336
30488,M,8,66.66666666666667
30640,F,1,10.0
30640,M,9,90.0
30749,F,2,22.22222222222222
30749,M,7,77.77777777777777
31063,F,4,44.44444444444444
31063,M,5,55.55555555555556
32159,F,5,27.77777777777778
32159,M,13,72.22222222222223
32248,M,5,100.0
32405,F,9,75.0
32405,M,3,25.0
32510,F,1,14.285714285714286
32510,M,6,85.71428571428571
32572,F,3,30.0
32572,M,7,70.0
32938,F,3,27.272727272727273
32938,M,8,72.72727272727273
33266,F,1,10.0
33266,M,9,90.0
33665,F,8,80.0
33665,M,2,20.0
33814,F,1,20.0
33814,M,4,80.0
34051,F,3,37.5
34051,M,5,62.5
34134,F,5,45.45454545454545
34134,M,6,54.54545454545455
34163,F,2,28.571428571428573
34163,M,5,71.42857142857143
34280,F,2,28.571428571428573
34280,M,5,71.42857142857143
34714,F,4,25.0
34714,M,12,75.0
34977,F,6,40.0
34977,M,9,60.0
35499,F,2,16.666666666666668
35499,M,10,83.33333333333333
36075,F,2,50.0
36075,M,2,50.0
37124,F,6,60.0
37124,M,4,40.0
37154,F,2,25.0
37154,M,6,75.0
37220,F,2,20.0
37220,M,8,80.0
37434,F,8,57.142857142857146
37434,M,6,42.857142857142854
38308,F,3,37.5
38308,M,5,62.5
39231,F,6,46.15384615384615
39231,M,7,53.84615384615385
39388,F,3,42.857142857142854
39388,M,4,57.142857142857146
39417,F,1,6.666666666666667
39417,M,14,93.33333333333333
39460,F,9,81.81818181818181
39460,M,2,18.181818181818183
39726,F,2,28.571428571428573
39726,M,5,71.42857142857143
39785,F,5,55.55555555555556
39785,M,4,44.44444444444444
40132,F,1,50.0
40132,M,1,50.0
40475,M,2,100.0
40904,F,3,15.789473684210526
40904,M,16,84.21052631578948
40920,F,2,50.0
40920,M,2,50.0
41080,F,2,25.0
41080,M,6,75.0
41175,F,2,22.22222222222222
41175,M,7,77.77777777777777
41335,F,6,40.0
41335,M,9,60.0
41533,F,6,75.0
41533,M,2,25.0
41721,F,3,33.333333333333336
41721,M,6,66.66666666666667
41808,F,7,43.75
41808,M,9,56.25
41945,F,1,25.0
41945,M,3,75.0
41991,F,1,8.333333333333334
41991,M,11,91.66666666666667
42096,F,4,36.36363636363637
42096,M,7,63.63636363636363
42270,F,1,16.666666666666668
42270,M,5,83.33333333333333
43420,F,3,17.647058823529413
43420,M,14,82.3529411764706
43602,F,3,30.0
43602,M,7,70.0
43704,F,6,75.0
43704,M,2,25.0
43858,F,3,33.333333333333336
43858,M,6,66.66666666666667
43937,F,13,81.25
43937,M,3,18.75
44056,F,8,88.88888888888889
44056,M,1,11.11111111111111
45803,F,5,31.25
45803,M,11,68.75
45969,F,1,25.0
45969,M,3,75.0
46178,F,5,45.45454545454545
46178,M,6,54.54545454545455
46957,F,4,33.333333333333336
46957,M,8,66.66666666666667
46997,F,6,46.15384615384615
46997,M,7,53.84615384615385
47127,F,2,50.0
47127,M,2,50.0
47260,F,10,83.33333333333333
47260,M,2,16.666666666666668
47472,F,5,38.46153846153846
47472,M,8,61.53846153846154
47553,F,3,50.0
47553,M,3,50.0
47618,F,4,40.0
47618,M,6,60.0
47748,F,10,71.42857142857143
47748,M,4,28.571428571428573
47755,F,3,37.5
47755,M,5,62.5
47863,F,1,9.090909090909092
47863,M,10,90.9090909090909
48120,F,4,33.333333333333336
48120,M,8,66.66666666666667
48352,F,3,23.076923076923077
48352,M,10,76.92307692307692
48690,F,2,20.0
48690,M,8,80.0
48730,F,2,25.0
48730,M,6,75.0
48742,F,4,40.0
48742,M,6,60.0
48877,F,2,33.333333333333336
48877,M,4,66.66666666666667
48912,F,2,20.0
48912,M,8,80.0
49002,F,2,28.571428571428573
49002,M,5,71.42857142857143
49727,M,7,100.0
49729,F,6,60.0
49729,M,4,40.0
50665,F,3,75.0
50665,M,1,25.0
50679,F,2,28.571428571428573
50679,M,5,71.42857142857143
50761,F,5,45.45454545454545
50761,M,6,54.54545454545455
51121,F,14,63.63636363636363
51121,M,8,36.36363636363637
51288,F,5,38.46153846153846
51288,M,8,61.53846153846154
51293,F,4,36.36363636363637
51293,M,7,63.63636363636363
51331,F,2,40.0
51331,M,3,60.0
51535,F,2,20.0
51535,M,8,80.0
51738,F,4,30.76923076923077
51738,M,9,69.23076923076923
51923,F,7,63.63636363636363
51923,M,4,36.36363636363637
52313,F,2,18.181818181818183
52313,M,9,81.81818181818181
52319,F,4,28.571428571428573
52319,M,10,71.42857142857143
52525,F,3,18.75
52525,M,13,81.25
52796,F,6,50.0
52796,M,6,50.0
52920,F,4,40.0
52920,M,6,60.0
52923,F,5,38.46153846153846
52923,M,8,61.53846153846154
53012,F,1,14.285714285714286
53012,M,6,85.71428571428571
53109,F,1,9.090909090909092
53109,M,10,90.9090909090909
53374,F,4,44.44444444444444
53374,M,5,55.55555555555556
53390,F,6,33.333333333333336
53390,M,12,66.66666666666667
53677,F,5,62.5
53677,M,3,37.5
53826,F,7,50.0
53826,M,7,50.0
53856,F,7,77.77777777777777
53856,M,2,22.22222222222222
54136,F,4,36.36363636363637
54136,M,7,63.63636363636363
54315,F,2,15.384615384615385
54315,M,11,84.61538461538461
54808,F,7,70.0
54808,M,3,30.0
54963,M,1,100.0
54997,F,6,46.15384615384615
54997,M,7,53.84615384615385
55431,F,4,44.44444444444444
55431,M,5,55.55555555555556
55476,F,5,62.5
55476,M,3,37.5
55481,F,3,27.272727272727273
55481,M,8,72.72727272727273
55537,F,1,33.333333333333336
55537,M,2,66.66666666666667
55636,F,3,42.857142857142854
55636,M,4,57.142857142857146
55653,F,1,10.0
55653,M,9,90.0
55858,F,2,20.0
55858,M,8,80.0
55883,F,4,25.0
55883,M,12,75.0
55972,F,3,25.0
55972,M,9,75.0
56068,F,1,33.333333333333336
56068,M,2,66.66666666666667
56316,F,2,20.0
56316,M,8,80.0
56451,F,6,42.857142857142854
56451,M,8,57.142857142857146
57185,F,7,53.84615384615385
57185,M,6,46.15384615384615
57316,F,6,46.15384615384615
57316,M,7,53.84615384615385
57693,F,1,33.333333333333336
57693,M,2,66.66666666666667
57701,F,4,80.0
57701,M,1,20.0
57938,F,2,15.384615384615385
57938,M,11,84.61538461538461
58365,F,4,33.333333333333336
58365,M,8,66.66666666666667
58522,F,5,62.5
58522,M,3,37.5
59327,F,4,44.44444444444444
59327,M,5,55.55555555555556
59353,M,11,100.0
59535,F,2,50.0
59535,M,2,50.0
59555,F,4,30.76923076923077
59555,M,9,69.23076923076923
59566,F,4,66.66666666666667
59566,M,2,33.333333333333336
59705,F,7,50.0
59705,M,7,50.0
59862,F,1,11.11111111111111
59862,M,8,88.88888888888889
59939,F,1,10.0
59939,M,9,90.0
60121,M,2,100.0
60319,M,6,100.0
60373,F,3,33.333333333333336
60373,M,6,66.66666666666667
60489,F,6,35.294117647058826
60489,M,11,64.70588235294117
60609,F,2,33.333333333333336
60609,M,4,66.66666666666667
61038,F,2,18.181818181818183
61038,M,9,81.81818181818181
61403,M,6,100.0
61443,F,10,83.33333333333333
61443,M,2,16.666666666666668
61517,F,16,80.0
61517,M,4,20.0
61554,F,1,25.0
61554,M,3,75.0
61811,F,3,17.647058823529413
61811,M,14,82.3529411764706
61988,F,2,16.666666666666668
61988,M,10,83.33333333333333
62043,F,5,41.666666666666664
62043,M,7,58.333333333333336
62081,F,5,41.666666666666664
62081,M,7,58.333333333333336
62161,F,4,33.333333333333336
62161,M,8,66.66666666666667
62298,F,11,84.61538461538461
62298,M,2,15.384615384615385
62990,F,6,50.0
62990,M,6,50.0
63077,F,7,53.84615384615385
63077,M,6,46.15384615384615
63785,F,3,27.272727272727273
63785,M,8,72.72727272727273
63832,F,2,28.571428571428573
63832,M,5,71.42857142857143
64087,F,11,73.33333333333333
64087,M,4,26.666666666666668
64190,F,7,87.5
64190,M,1,12.5
64452,F,6,46.15384615384615
64452,M,7,53.84615384615385
64724,F,5,33.333333333333336
64724,M,10,66.66666666666667
64750,F,4,25.0
64750,M,12,75.0
64858,F,7,77.77777777777777
64858,M,2,22.22222222222222
65126,F,3,37.5
65126,M,5,62.5
65174,F,2,33.333333333333336
65174,M,4,66.66666666666667
65451,F,2,28.571428571428573
65451,M,5,71.42857142857143
65522,F,1,25.0
65522,M,3,75.0
65856,F,4,30.76923076923077
65856,M,9,69.23076923076923
65883,F,7,46.666666666666664
65883,M,8,53.333333333333336
66090,F,1,25.0
66090,M,3,75.0
66119,F,3,37.5
66119,M,5,62.5
66160,F,2,40.0
66160,M,3,60.0
66306,F,2,33.333333333333336
66306,M,4,66.66666666666667
66420,F,8,57.142857142857146
66420,M,6,42.857142857142854
66453,F,3,33.333333333333336
66453,M,6,66.66666666666667
66591,F,2,20.0
66591,M,8,80.0
66692,F,2,40.0
66692,M,3,60.0
67151,F,3,20.0
67151,M,12,80.0
67178,F,5,55.55555555555556
67178,M,4,44.44444444444444
67522,F,5,35.714285714285715
67522,M,9,64.28571428571429
67931,F,6,42.857142857142854
67931,M,8,57.142857142857146
68201,F,4,50.0
68201,M,4,50.0
68222,F,8,66.66666666666667
68222,M,4,33.333333333333336
68532,F,2,28.571428571428573
68532,M,5,71.42857142857143
68821,F,3,20.0
68821,M,12,80.0
68998,F,8,61.53846153846154
68998,M,5,38.46153846153846
69200,F,6,60.0
69200,M,4,40.0
69345,F,5,41.666666666666664
69345,M,7,58.333333333333336
69379,F,4,33.333333333333336
69379,M,8,66.66666666666667
69463,F,3,50.0
69463,M,3,50.0
69550,F,2,40.0
69550,M,3,60.0
69728,F,1,12.5
69728,M,7,87.5
69903,F,2,25.0
69903,M,6,75.0
69943,F,7,77.77777777777777
69943,M,2,22.22222222222222
70406,F,4,25.0
70406,M,12,75.0
70434,M,4,100.0
70547,F,6,54.54545454545455
70547,M,5,45.45454545454545
70819,F,3,21.428571428571427
70819,M,11,78.57142857142857
71115,F,4,50.0
71115,M,4,50.0
71130,F,2,14.285714285714286
71130,M,12,85.71428571428571
71152,F,7,70.0
71152,M,3,30.0
71499,F,1,50.0
71499,M,1,50.0
71532,F,3,60.0
71532,M,2,40.0
71585,F,2,20.0
71585,M,8,80.0
71595,F,1,25.0
71595,M,3,75.0
71757,F,2,25.0
71757,M,6,75.0
71889,F,2,25.0
71889,M,6,75.0
71945,F,3,27.272727272727273
71945,M,8,72.72727272727273
71987,F,6,60.0
71987,M,4,40.0
72243,F,1,16.666666666666668
72243,M,5,83.33333333333333
72965,F,7,63.63636363636363
72965,M,4,36.36363636363637
73034,F,1,11.11111111111111
73034,M,8,88.88888888888889
73106,F,4,25.0
73106,M,12,75.0
73254,F,6,42.857142857142854
73254,M,8,57.142857142857146
73489,F,4,36.36363636363637
73489,M,7,63.63636363636363
73649,F,5,62.5
73649,M,3,37.5
73663,F,1,8.333333333333334
73663,M,11,91.66666666666667
73846,F,4,30.76923076923077
73846,M,9,69.23076923076923
73893,F,1,9.090909090909092
73893,M,10,90.9090909090909
73982,F,1,16.666666666666668
73982,M,5,83.33333333333333
74062,F,5,83.33333333333333
74062,M,1,16.666666666666668
74066,F,1,12.5
74066,M,7,87.5
74170,F,4,30.76923076923077
74170,M,9,69.23076923076923
74264,M,11,100.0
74818,F,4,44.44444444444444
74818,M,5,55.55555555555556
75045,F,3,27.272727272727273
75045,M,8,72.72727272727273
75198,F,5,31.25
75198,M,11,68.75
75242,F,2,18.181818181818183
75242,M,9,81.81818181818181
75246,F,3,25.0
75246,M,9,75.0
75705,F,5,38.46153846153846
75705,M,8,61.53846153846154
75860,F,1,14.285714285714286
75860,M,6,85.71428571428571
76073,F,3,25.0
76073,M,9,75.0
76135,F,3,18.75
76135,M,13,81.25
76310,F,3,25.0
76310,M,9,75.0
76435,F,1,14.285714285714286
76435,M,6,85.71428571428571
76641,F,1,10.0
76641,M,9,90.0
77556,F,5,55.55555555555556
77556,M,4,44.44444444444444
77613,F,2,20.0
77613,M,8,80.0
77670,F,3,20.0
77670,M,12,80.0
77766,F,3,25.0
77766,M,9,75.0
77844,F,4,30.76923076923077
77844,M,9,69.23076923076923
77851,F,2,66.66666666666667
77851,M,1,33.333333333333336
77857,F,1,20.0
77857,M,4,80.0
77866,F,5,62.5
77866,M,3,37.5
78215,F,1,8.333333333333334
78215,M,11,91.66666666666667
78493,F,3,23.076923076923077
78493,M,10,76.92307692307692
78516,F,6,46.15384615384615
78516,M,7,53.84615384615385
78874,F,5,41.666666666666664
78874,M,7,58.333333333333336
78997,F,1,16.666666666666668
78997,M,5,83.33333333333333
79193,M,11,100.0
79237,F,4,25.0
79237,M,12,75.0
79285,F,2,28.571428571428573
79285,M,5,71.42857142857143
79693,F,1,25.0
79693,M,3,75.0
79735,F,2,15.384615384615385
79735,M,11,84.61538461538461
79807,F,2,22.22222222222222
79807,M,7,77.77777777777777
79934,F,5,29.41176470588235
79934,M,12,70.58823529411765
80043,F,11,73.33333333333333
80043,M,4,26.666666666666668
80128,F,1,14.285714285714286
80128,M,6,85.71428571428571
80240,F,6,75.0
80240,M,2,25.0
80728,M,9,100.0
81111,F,2,20.0
81111,M,8,80.0
81421,F,11,64.70588235294117
81421,M,6,35.294117647058826
81490,F,5,41.666666666666664
81490,M,7,58.333333333333336
81644,F,2,18.181818181818183
81644,M,9,81.81818181818181
81811,M,8,100.0
81860,F,4,33.333333333333336
81860,M,8,66.66666666666667
82419,F,1,25.0
82419,M,3,75.0
82463,F,2,18.181818181818183
82463,M,9,81.81818181818181
82657,F,5,41.666666666666664
82657,M,7,58.333333333333336
82698,F,2,22.22222222222222
82698,M,7,77.77777777777777
83032,F,4,33.333333333333336
83032,M,8,66.66666666666667
83356,F,1,25.0
83356,M,3,75.0
84011,F,2,22.22222222222222
84011,M,7,77.77777777777777
84193,F,2,20.0
84193,M,8,80.0
84230,F,7,43.75
84230,M,9,56.25
84828,F,3,16.666666666666668
84828,M,15,83.33333333333333
85426,F,5,38.46153846153846
85426,M,8,61.53846153846154
85717,F,4,50.0
85717,M,4,50.0
85791,F,7,63.63636363636363
85791,M,4,36.36363636363637
87330,F,5,38.46153846153846
87330,M,8,61.53846153846154
87344,F,1,20.0
87344,M,4,80.0
87379,M,3,100.0
87613,F,3,21.428571428571427
87613,M,11,78.57142857142857
87707,F,5,50.0
87707,M,5,50.0
87733,F,6,42.857142857142854
87733,M,8,57.142857142857146
87762,F,5,45.45454545454545
87762,M,6,54.54545454545455
87847,F,3,30.0
87847,M,7,70.0
87884,F,3,30.0
87884,M,7,70.0
87929,F,7,35.0
87929,M,13,65.0
88007,F,4,30.76923076923077
88007,M,9,69.23076923076923
88303,F,4,36.36363636363637
88303,M,7,63.63636363636363
88370,F,7,58.333333333333336
88370,M,5,41.666666666666664
88779,F,2,18.181818181818183
88779,M,9,81.81818181818181
88936,F,3,18.75
88936,M,13,81.25
89002,F,2,40.0
89002,M,3,60.0
89053,F,2,66.66666666666667
89053,M,1,33.333333333333336
89523,F,3,42.857142857142854
89523,M,4,57.142857142857146
89619,F,2,28.571428571428573
89619,M,5,71.42857142857143
89837,F,2,18.181818181818183
89837,M,9,81.81818181818181
90065,F,2,20.0
90065,M,8,80.0
90237,F,2,20.0
90237,M,8,80.0
90639,F,8,50.0
90639,M,8,50.0
90834,F,3,23.076923076923077
90834,M,10,76.92307692307692
91002,F,7,43.75
91002,M,9,56.25
91117,F,1,25.0
91117,M,3,75.0
91124,F,2,28.571428571428573
91124,M,5,71.42857142857143
91254,F,3,42.857142857142854
91254,M,4,57.142857142857146
91345,F,3,37.5
91345,M,5,62.5
91654,F,1,33.333333333333336
91654,M,2,66.66666666666667
91869,F,2,22.22222222222222
91869,M,7,77.77777777777777
91979,F,3,33.333333333333336
91979,M,6,66.66666666666667
92210,F,3,30.0
92210,M,7,70.0
92403,F,6,37.5
92403,M,10,62.5
92567,F,1,14.285714285714286
92567,M,6,85.71428571428571
92585,F,4,33.333333333333336
92585,M,8,66.66666666666667
92713,F,3,75.0
92713,M,1,25.0
92765,F,4,40.0
92765,M,6,60.0
92845,F,6,37.5
92845,M,10,62.5
93223,F,3,23.076923076923077
93223,M,10,76.92307692307692
93708,F,1,16.666666666666668
93708,M,5,83.33333333333333
94030,F,7,58.333333333333336
94030,M,5,41.666666666666664
94039,F,2,20.0
94039,M,8,80.0
94362,F,1,14.285714285714286
94362,M,6,85.71428571428571
94447,F,7,63.63636363636363
94447,M,4,36.36363636363637
94454,F,4,50.0
94454,M,4,50.0
94507,F,4,30.76923076923077
94507,M,9,69.23076923076923
94611,M,10,100.0
94683,F,1,12.5
94683,M,7,87.5
95169,F,2,18.181818181818183
95169,M,9,81.81818181818181
95473,F,1,14.285714285714286
95473,M,6,85.71428571428571
95522,F,4,25.0
95522,M,12,75.0
95609,F,4,28.571428571428573
95609,M,10,71.42857142857143
95841,F,2,20.0
95841,M,8,80.0
95935,F,4,80.0
95935,M,1,20.0
96060,F,3,33.333333333333336
96060,M,6,66.66666666666667
96420,F,3,33.333333333333336
96420,M,6,66.66666666666667
96664,F,1,14.285714285714286
96664,M,6,85.71428571428571
96752,M,4,100.0
97040,F,1,50.0
97040,M,1,50.0
97422,F,7,63.63636363636363
97422,M,4,36.36363636363637
97647,F,2,33.333333333333336
97647,M,4,66.66666666666667
97878,F,1,20.0
97878,M,4,80.0
97919,F,4,66.66666666666667
97919,M,2,33.333333333333336
98225,F,2,66.66666666666667
98225,M,1,33.333333333333336
98419,F,7,63.63636363636363
98419,M,4,36.36363636363637
98520,F,7,35.0
98520,M,13,65.0
98558,F,4,33.333333333333336
98558,M,8,66.66666666666667
98931,F,3,30.0
98931,M,7,70.0
98967,F,4,30.76923076923077
98967,M,9,69.23076923076923
99121,F,3,42.857142857142854
99121,M,4,57.142857142857146
99139,F,5,45.45454545454545
99139,M,6,54.54545454545455
99397,F,3,75.0
99397,M,1,25.0
100373,F,9,60.0
100373,M,6,40.0
100942,F,3,50.0
100942,M,3,50.0
101484,F,5,23.80952380952381
101484,M,16,76.19047619047619
101819,F,1,7.142857142857143
101819,M,13,92.85714285714286
101901,F,5,83.33333333333333
101901,M,1,16.666666666666668
101981,F,2,22.22222222222222
101981,M,7,77.77777777777777
102026,F,4,40.0
102026,M,6,60.0
102043,F,3,25.0
102043,M,9,75.0
102102,F,2,18.181818181818183
102102,M,9,81.81818181818181
102498,F,10,83.33333333333333
102498,M,2,16.666666666666668
102632,F,8,44.44444444444444
102632,M,10,55.55555555555556
102684,F,3,42.857142857142854
102684,M,4,57.142857142857146
102712,F,1,9.090909090909092
102712,M,10,90.9090909090909
102727,F,3,37.5
102727,M,5,62.5
102815,F,2,20.0
102815,M,8,80.0
103014,F,1,14.285714285714286
103014,M,6,85.71428571428571
103421,F,7,36.8421052631579
103421,M,12,63.1578947368421
103443,F,2,40.0
103443,M,3,60.0
103448,F,4,33.333333333333336
103448,M,8,66.66666666666667
103884,F,4,80.0
103884,M,1,20.0
103912,F,4,36.36363636363637
103912,M,7,63.63636363636363
103981,F,3,33.333333333333336
103981,M,6,66.66666666666667
104539,F,10,71.42857142857143
104539,M,4,28.571428571428573
104759,F,5,50.0
104759,M,5,50.0
105395,F,3,50.0
105395,M,3,50.0
105542,F,3,30.0
105542,M,7,70.0
107049,F,1,25.0
107049,M,3,75.0
107152,M,3,100.0
107493,F,1,12.5
107493,M,7,87.5
107547,F,2,28.571428571428573
107547,M,5,71.42857142857143
107658,F,1,33.333333333333336
107658,M,2,66.66666666666667
107694,F,3,30.0
107694,M,7,70.0
108164,F,5,35.714285714285715
108164,M,9,64.28571428571429
108428,F,8,50.0
108428,M,8,50.0
109102,F,3,23.076923076923077
109102,M,10,76.92307692307692
109254,F,2,14.285714285714286
109254,M,12,85.71428571428571
109308,F,1,50.0
109308,M,1,50.0
109671,F,4,44.44444444444444
109671,M,5,55.55555555555556
109804,F,3,50.0
109804,M,3,50.0
110089,F,7,70.0
110089,M,3,30.0
110091,F,5,31.25
110091,M,11,68.75
110260,F,4,66.66666666666667
110260,M,2,33.333333333333336
110464,F,2,22.22222222222222
110464,M,7,77.77777777777777
110508,F,2,15.384615384615385
110508,M,11,84.61538461538461
110878,F,4,30.76923076923077
110878,M,9,69.23076923076923
111082,F,3,30.0
111082,M,7,70.0
111363,F,3,33.333333333333336
111363,M,6,66.66666666666667
111508,F,4,36.36363636363637
111508,M,7,63.63636363636363
111974,F,3,30.0
111974,M,7,70.0
112245,F,2,18.181818181818183
112245,M,9,81.81818181818181
112302,F,2,20.0
112302,M,8,80.0
112643,F,8,53.333333333333336
112643,M,7,46.666666666666664
112750,F,5,38.46153846153846
112750,M,8,61.53846153846154
113124,F,5,27.77777777777778
113124,M,13,72.22222222222223
113189,F,2,25.0
113189,M,6,75.0
113245,F,8,50.0
113245,M,8,50.0
113566,F,1,11.11111111111111
113566,M,8,88.88888888888889
113578,F,5,29.41176470588235
113578,M,12,70.58823529411765
113589,F,2,40.0
113589,M,3,60.0
113618,F,4,30.76923076923077
113618,M,9,69.23076923076923
114011,F,2,18.181818181818183
114011,M,9,81.81818181818181
114137,F,1,14.285714285714286
114137,M,6,85.71428571428571
114472,M,4,100.0
114572,F,5,31.25
114572,M,11,68.75
115349,F,3,60.0
115349,M,2,40.0
115539,F,1,20.0
115539,M,4,80.0
115591,F,6,30.0
115591,M,14,70.0
115593,F,4,66.66666666666667
115593,M,2,33.333333333333336
115694,F,5,41.666666666666664
115694,M,7,58.333333333333336
115765,F,6,54.54545454545455
115765,M,5,45.45454545454545
115856,F,5,35.714285714285715
115856,M,9,64.28571428571429
115907,F,1,33.333333333333336
115907,M,2,66.66666666666667
116119,F,3,33.333333333333336
116119,M,6,66.66666666666667
116180,F,4,25.0
116180,M,12,75.0
116289,F,2,25.0
116289,M,6,75.0
116660,F,5,62.5
116660,M,3,37.5
116750,F,2,25.0
116750,M,6,75.0
116774,F,3,30.0
116774,M,7,70.0
117030,F,1,25.0
117030,M,3,75.0
117376,F,5,71.42857142857143
117376,M,2,28.571428571428573
118233,F,1,33.333333333333336
118233,M,2,66.66666666666667
118329,F,6,50.0
118329,M,6,50.0
118506,F,4,50.0
118506,M,4,50.0
118769,F,6,42.857142857142854
118769,M,8,57.142857142857146
119231,F,4,40.0
119231,M,6,60.0
119302,F,6,75.0
119302,M,2,25.0
119481,F,1,14.285714285714286
119481,M,6,85.71428571428571
119576,F,4,25.0
119576,M,12,75.0
119658,F,3,25.0
119658,M,9,75.0
119774,F,4,57.142857142857146
119774,M,3,42.857142857142854
119832,F,2,50.0
119832,M,2,50.0
119833,F,2,66.66666666666667
119833,M,1,33.333333333333336
119964,F,2,22.22222222222222
119964,M,7,77.77777777777777
119991,F,3,30.0
119991,M,7,70.0
120381,F,1,16.666666666666668
120381,M,5,83.33333333333333
120638,F,2,20.0
120638,M,8,80.0
120639,F,4,66.66666666666667
120639,M,2,33.333333333333336
121096,M,1,100.0
121233,F,1,25.0
121233,M,3,75.0
121419,F,2,18.181818181818183
121419,M,9,81.81818181818181
121527,F,5,33.333333333333336
121527,M,10,66.66666666666667
122145,F,3,20.0
122145,M,12,80.0
122197,F,5,41.666666666666664
122197,M,7,58.333333333333336
122567,F,4,40.0
122567,M,6,60.0
122762,F,3,23.076923076923077
122762,M,10,76.92307692307692
123000,F,2,25.0
123000,M,6,75.0
123103,F,4,57.142857142857146
123103,M,3,42.857142857142854
123154,F,7,70.0
123154,M,3,30.0
123258,F,7,63.63636363636363
123258,M,4,36.36363636363637
123263,F,8,72.72727272727273
123263,M,3,27.272727272727273
123358,F,3,18.75
123358,M,13,81.25
123387,F,2,25.0
123387,M,6,75.0
123502,F,9,69.23076923076923
123502,M,4,30.76923076923077
124014,F,6,40.0
124014,M,9,60.0
124186,F,3,33.333333333333336
124186,M,6,66.66666666666667
124893,F,1,20.0
124893,M,4,80.0
124994,F,3,60.0
124994,M,2,40.0
125114,F,10,58.8235294117647
125114,M,7,41.1764705882353
125755,F,4,44.44444444444444
125755,M,5,55.55555555555556
125775,F,4,50.0
125775,M,4,50.0
125855,F,2,66.66666666666667
125855,M,1,33.333333333333336
125912,F,3,37.5
125912,M,5,62.5
126257,F,2,13.333333333333334
126257,M,13,86.66666666666667
126330,F,2,18.181818181818183
126330,M,9,81.81818181818181
126368,F,3,23.076923076923077
126368,M,10,76.92307692307692
126515,F,13,81.25
126515,M,3,18.75
127266,F,2,11.764705882352942
127266,M,15,88.23529411764706
127275,M,7,100.0
127544,F,7,53.84615384615385
127544,M,6,46.15384615384615
127623,F,4,40.0
127623,M,6,60.0
127769,F,6,50.0
127769,M,6,50.0
128065,M,7,100.0
128447,F,2,20.0
128447,M,8,80.0
128511,F,2,28.571428571428573
128511,M,5,71.42857142857143
128966,F,4,40.0
128966,M,6,60.0
129000,F,1,12.5
129000,M,7,87.5
129287,F,6,54.54545454545455
129287,M,5,45.45454545454545
129381,F,1,50.0
129381,M,1,50.0
129410,F,8,57.142857142857146
129410,M,6,42.857142857142854
129626,F,4,30.76923076923077
129626,M,9,69.23076923076923
129734,M,14,100.0
129778,F,8,66.66666666666667
129778,M,4,33.333333333333336
130135,F,8,72.72727272727273
130135,M,3,27.272727272727273
130204,F,4,44.44444444444444
130204,M,5,55.55555555555556
130342,F,5,71.42857142857143
130342,M,2,28.571428571428573
130449,F,3,42.857142857142854
130449,M,4,57.142857142857146
130489,M,2,100.0
130585,F,2,40.0
130585,M,3,60.0
130834,F,4,57.142857142857146
130834,M,3,42.857142857142854
131063,F,4,50.0
131063,M,4,50.0
131525,F,2,15.384615384615385
131525,M,11,84.61538461538461
131620,F,4,44.44444444444444
131620,M,5,55.55555555555556
131950,M,1,100.0
132026,F,7,58.333333333333336
132026,M,5,41.666666666666664
132187,F,6,66.66666666666667
132187,M,3,33.333333333333336
132192,F,6,60.0
132192,M,4,40.0
132283,F,4,25.0
132283,M,12,75.0
132307,F,1,20.0
132307,M,4,80.0
132309,F,3,25.0
132309,M,9,75.0
132360,F,3,23.076923076923077
132360,M,10,76.92307692307692
132399,F,5,27.77777777777778
132399,M,13,72.22222222222223
132683,F,3,23.076923076923077
132683,M,10,76.92307692307692
133420,F,3,30.0
133420,M,7,70.0
133795,F,1,33.333333333333336
133795,M,2,66.66666666666667
133858,M,3,100.0
133927,F,1,7.142857142857143
133927,M,13,92.85714285714286
134048,F,4,28.571428571428573
134048,M,10,71.42857142857143
134536,F,3,25.0
134536,M,9,75.0
134556,F,1,20.0
134556,M,4,80.0
134658,F,4,40.0
134658,M,6,60.0
134671,F,4,36.36363636363637
134671,M,7,63.63636363636363
134728,F,4,40.0
134728,M,6,60.0
134865,F,3,33.333333333333336
134865,M,6,66.66666666666667
134944,F,7,53.84615384615385
134944,M,6,46.15384615384615
134982,F,3,23.076923076923077
134982,M,10,76.92307692307692
135238,F,1,25.0
135238,M,3,75.0
135804,F,8,100.0
135846,F,2,28.571428571428573
135846,M,5,71.42857142857143
135848,F,5,38.46153846153846
135848,M,8,61.53846153846154
136147,F,3,23.076923076923077
136147,M,10,76.92307692307692
136313,F,4,66.66666666666667
136313,M,2,33.333333333333336
136468,F,3,23.076923076923077
136468,M,10,76.92307692307692
136861,F,2,28.571428571428573
136861,M,5,71.42857142857143
136905,F,2,100.0
137369,F,3,30.0
137369,M,7,70.0
137776,F,3,30.0
137776,M,7,70.0
138045,F,2,50.0
138045,M,2,50.0
138432,F,1,9.090909090909092
138432,M,10,90.9090909090909
138772,F,5,35.714285714285715
138772,M,9,64.28571428571429
138823,F,5,62.5
138823,M,3,37.5
138948,F,2,22.22222222222222
138948,M,7,77.77777777777777
139032,M,5,100.0
139180,F,4,40.0
139180,M,6,60.0
139278,F,14,73.6842105263158
139278,M,5,26.31578947368421
139507,F,2,50.0
139507,M,2,50.0
140061,F,2,22.22222222222222
140061,M,7,77.77777777777777
140317,M,7,100.0
140393,F,3,27.272727272727273
140393,M,8,72.72727272727273
140542,F,4,40.0
140542,M,6,60.0
140838,F,9,81.81818181818181
140838,M,2,18.181818181818183
141079,F,1,7.6923076923076925
141079,M,12,92.3076923076923
141211,F,7,100.0
141317,F,2,15.384615384615385
141317,M,11,84.61538461538461
141808,F,2,50.0
141808,M,2,50.0
142104,F,1,11.11111111111111
142104,M,8,88.88888888888889
142146,F,1,16.666666666666668
142146,M,5,83.33333333333333
142276,F,5,55.55555555555556
142276,M,4,44.44444444444444
142367,F,5,41.666666666666664
142367,M,7,58.333333333333336
142630,F,13,81.25
142630,M,3,18.75
142685,F,5,31.25
142685,M,11,68.75
142850,F,3,23.076923076923077
142850,M,10,76.92307692307692
142926,F,3,37.5
142926,M,5,62.5
143050,F,3,37.5
143050,M,5,62.5
143317,F,3,21.428571428571427
143317,M,11,78.57142857142857
143437,M,4,100.0
143473,F,4,57.142857142857146
143473,M,3,42.857142857142854
144211,F,1,12.5
144211,M,7,87.5
144219,F,4,28.571428571428573
144219,M,10,71.42857142857143
144401,F,5,33.333333333333336
144401,M,10,66.66666666666667
144927,F,3,33.333333333333336
144927,M,6,66.66666666666667
144928,F,7,63.63636363636363
144928,M,4,36.36363636363637
144976,F,6,50.0
144976,M,6,50.0
145126,F,3,33.333333333333336
145126,M,6,66.66666666666667
145161,M,8,100.0
145667,F,1,25.0
145667,M,3,75.0
145710,F,2,15.384615384615385
145710,M,11,84.61538461538461
146111,F,8,61.53846153846154
146111,M,5,38.46153846153846
146220,F,5,55.55555555555556
146220,M,4,44.44444444444444
146404,F,2,22.22222222222222
146404,M,7,77.77777777777777
146473,F,8,57.142857142857146
146473,M,6,42.857142857142854
146600,F,1,20.0
146600,M,4,80.0
146629,F,2,28.571428571428573
146629,M,5,71.42857142857143
147016,F,4,57.142857142857146
147016,M,3,42.857142857142854
147103,F,1,12.5
147103,M,7,87.5
147106,F,6,54.54545454545455
147106,M,5,45.45454545454545
147249,F,3,16.666666666666668
147249,M,15,83.33333333333333
147555,M,3,100.0
147642,F,3,27.272727272727273
147642,M,8,72.72727272727273
147715,F,3,33.333333333333336
147715,M,6,66.66666666666667
147783,F,3,27.272727272727273
147783,M,8,72.72727272727273
147819,F,2,16.666666666666668
147819,M,10,83.33333333333333
148032,F,9,47.36842105263158
148032,M,10,52.63157894736842
148236,F,4,28.571428571428573
148236,M,10,71.42857142857143
148260,F,2,16.666666666666668
148260,M,10,83.33333333333333
148418,F,3,20.0
148418,M,12,80.0
148646,F,2,40.0
148646,M,3,60.0
148795,F,2,18.181818181818183
148795,M,9,81.81818181818181
148865,F,5,41.666666666666664
148865,M,7,58.333333333333336
148984,F,5,41.666666666666664
148984,M,7,58.333333333333336
149135,F,4,21.05263157894737
149135,M,15,78.94736842105263
149245,F,8,57.142857142857146
149245,M,6,42.857142857142854
149485,F,2,22.22222222222222
149485,M,7,77.77777777777777
149696,F,5,41.666666666666664
149696,M,7,58.333333333333336
149778,M,4,100.0
149970,F,2,16.666666666666668
149970,M,10,83.33333333333333
150189,F,11,78.57142857142857
150189,M,3,21.428571428571427
150194,F,2,22.22222222222222
150194,M,7,77.77777777777777
150290,F,6,50.0
150290,M,6,50.0
150300,F,5,38.46153846153846
150300,M,8,61.53846153846154
150408,F,5,38.46153846153846
150408,M,8,61.53846153846154
150722,F,1,14.285714285714286
150722,M,6,85.71428571428571
151005,F,4,36.36363636363637
151005,M,7,63.63636363636363
151696,F,10,71.42857142857143
151696,M,4,28.571428571428573
151838,F,6,66.66666666666667
151838,M,3,33.333333333333336
152076,F,1,16.666666666666668
152076,M,5,83.33333333333333
152500,F,1,25.0
152500,M,3,75.0
152791,F,3,37.5
152791,M,5,62.5
152960,F,1,11.11111111111111
152960,M,8,88.88888888888889
153291,F,2,20.0
153291,M,8,80.0
153412,F,2,16.666666666666668
153412,M,10,83.33333333333333
153551,F,3,33.333333333333336
153551,M,6,66.66666666666667
154041,F,2,50.0
154041,M,2,50.0
154170,F,4,36.36363636363637
154170,M,7,63.63636363636363
154285,F,2,50.0
154285,M,2,50.0
154292,F,3,23.076923076923077
154292,M,10,76.92307692307692
154375,F,6,66.66666666666667
154375,M,3,33.333333333333336
154381,F,4,50.0
154381,M,4,50.0
154703,F,1,16.666666666666668
154703,M,5,83.33333333333333
154891,F,2,16.666666666666668
154891,M,10,83.33333333333333
154897,F,1,16.666666666666668
154897,M,5,83.33333333333333
155437,F,3,25.0
155437,M,9,75.0
155485,F,2,33.333333333333336
155485,M,4,66.66666666666667
155570,F,4,44.44444444444444
155570,M,5,55.55555555555556
156010,F,1,11.11111111111111
156010,M,8,88.88888888888889
156036,F,4,80.0
156036,M,1,20.0
156927,F,8,57.142857142857146
156927,M,6,42.857142857142854
157064,F,4,22.22222222222222
157064,M,14,77.77777777777777
157492,F,6,60.0
157492,M,4,40.0
157530,M,1,100.0
157931,F,4,36.36363636363637
157931,M,7,63.63636363636363
157966,F,3,30.0
157966,M,7,70.0
158056,F,4,44.44444444444444
158056,M,5,55.55555555555556
158490,F,2,40.0
158490,M,3,60.0
158609,F,5,45.45454545454545
158609,M,6,54.54545454545455
158777,F,7,38.888888888888886
158777,M,11,61.111111111111114
158888,F,7,43.75
158888,M,9,56.25
159098,F,5,22.727272727272727
159098,M,17,77.27272727272727
159638,F,8,66.66666666666667
159638,M,4,33.333333333333336
159838,F,3,23.076923076923077
159838,M,10,76.92307692307692
159906,F,6,42.857142857142854
159906,M,8,57.142857142857146
159996,F,6,46.15384615384615
159996,M,7,53.84615384615385
160169,F,4,33.333333333333336
160169,M,8,66.66666666666667
160261,F,3,30.0
160261,M,7,70.0
160289,F,8,50.0
160289,M,8,50.0
160476,F,3,42.857142857142854
160476,M,4,57.142857142857146
160511,F,1,10.0
160511,M,9,90.0
160618,F,4,21.05263157894737
160618,M,15,78.94736842105263
161132,F,3,23.076923076923077
161132,M,10,76.92307692307692
161284,M,3,100.0
161727,F,1,7.142857142857143
161727,M,13,92.85714285714286
162035,F,5,38.46153846153846
162035,M,8,61.53846153846154
162196,F,2,20.0
162196,M,8,80.0
162381,F,2,12.5
162381,M,14,87.5
162476,M,4,100.0
162518,F,4,33.333333333333336
162518,M,8,66.66666666666667
162889,F,1,20.0
162889,M,4,80.0
163049,M,3,100.0
164326,F,4,33.333333333333336
164326,M,8,66.66666666666667
164439,F,3,33.333333333333336
164439,M,6,66.66666666666667
164501,F,5,38.46153846153846
164501,M,8,61.53846153846154
164547,F,1,14.285714285714286
164547,M,6,85.71428571428571
164638,F,2,28.571428571428573
164638,M,5,71.42857142857143
164851,M,4,100.0
165426,F,1,33.333333333333336
165426,M,2,66.66666666666667
165442,F,5,50.0
165442,M,5,50.0
165668,F,1,33.333333333333336
165668,M,2,66.66666666666667
165717,M,6,100.0
165853,F,1,10.0
165853,M,9,90.0
166591,F,1,9.090909090909092
166591,M,10,90.9090909090909
166653,M,4,100.0
166729,F,3,25.0
166729,M,9,75.0
166741,F,1,50.0
166741,M,1,50.0
166928,F,3,23.076923076923077
166928,M,10,76.92307692307692
167188,F,2,33.333333333333336
167188,M,4,66.66666666666667
167223,F,2,33.333333333333336
167223,M,4,66.66666666666667
167389,F,3,25.0
167389,M,9,75.0
167482,F,1,25.0
167482,M,3,75.0
167650,F,3,21.428571428571427
167650,M,11,78.57142857142857
167877,F,3,17.647058823529413
167877,M,14,82.3529411764706
167921,F,2,20.0
167921,M,8,80.0
167941,F,1,11.11111111111111
167941,M,8,88.88888888888889
168342,F,3,33.333333333333336
168342,M,6,66.66666666666667
168415,F,9,81.81818181818181
168415,M,2,18.181818181818183
168545,F,1,50.0
168545,M,1,50.0
168564,F,4,28.571428571428573
168564,M,10,71.42857142857143
168742,F,5,41.666666666666664
168742,M,7,58.333333333333336
168791,M,6,100.0
168797,F,6,46.15384615384615
168797,M,7,53.84615384615385
168905,F,3,13.043478260869565
168905,M,20,86.95652173913044
168942,F,1,16.666666666666668
168942,M,5,83.33333333333333
168951,F,4,36.36363636363637
168951,M,7,63.63636363636363
169223,F,4,33.333333333333336
169223,M,8,66.66666666666667
169231,F,4,40.0
169231,M,6,60.0
169271,F,1,20.0
169271,M,4,80.0
169574,F,4,44.44444444444444
169574,M,5,55.55555555555556
169664,F,2,33.333333333333336
169664,M,4,66.66666666666667
169833,F,10,66.66666666666667
169833,M,5,33.333333333333336
169849,F,4,66.66666666666667
169849,M,2,33.333333333333336
170076,F,1,6.25
170076,M,15,93.75
170431,F,2,40.0
170431,M,3,60.0
170922,F,4,50.0
170922,M,4,50.0
171266,F,4,80.0
171266,M,1,20.0
171351,F,2,40.0
171351,M,3,60.0
171461,F,9,64.28571428571429
171461,M,5,35.714285714285715
171499,F,5,29.41176470588235
171499,M,12,70.58823529411765
171907,F,4,50.0
171907,M,4,50.0
171940,F,3,21.428571428571427
171940,M,11,78.57142857142857
172246,F,2,40.0
172246,M,3,60.0
172250,F,3,33.333333333333336
172250,M,6,66.66666666666667
172321,F,6,54.54545454545455
172321,M,5,45.45454545454545
172541,F,8,57.142857142857146
172541,M,6,42.857142857142854
172717,F,4,57.142857142857146
172717,M,3,42.857142857142854
172889,F,2,33.333333333333336
172889,M,4,66.66666666666667
172947,F,1,33.333333333333336
172947,M,2,66.66666666666667
172948,F,3,60.0
172948,M,2,40.0
172989,F,3,50.0
172989,M,3,50.0
173939,F,6,37.5
173939,M,10,62.5
174009,F,6,66.66666666666667
174009,M,3,33.333333333333336
174092,F,2,40.0
174092,M,3,60.0
174122,F,1,9.090909090909092
174122,M,10,90.9090909090909
174800,F,2,33.333333333333336
174800,M,4,66.66666666666667
175361,F,5,29.41176470588235
175361,M,12,70.58823529411765
175365,F,3,23.076923076923077
175365,M,10,76.92307692307692
175434,F,4,33.333333333333336
175434,M,8,66.66666666666667
175548,F,8,72.72727272727273
175548,M,3,27.272727272727273
175558,F,2,16.666666666666668
175558,M,10,83.33333333333333
175593,F,2,18.181818181818183
175593,M,9,81.81818181818181
176367,M,4,100.0
176415,F,4,28.571428571428573
176415,M,10,71.42857142857143
176424,F,1,25.0
176424,M,3,75.0
176804,F,1,33.333333333333336
176804,M,2,66.66666666666667
177166,F,5,38.46153846153846
177166,M,8,61.53846153846154
177489,F,2,50.0
177489,M,2,50.0
177495,F,5,45.45454545454545
177495,M,6,54.54545454545455
177772,F,3,37.5
177772,M,5,62.5
177805,F,4,44.44444444444444
177805,M,5,55.55555555555556
177860,M,2,100.0
178147,F,6,60.0
178147,M,4,40.0
178314,M,7,100.0
178797,F,1,12.5
178797,M,7,87.5
178954,F,3,27.272727272727273
178954,M,8,72.72727272727273
179149,F,7,87.5
179149,M,1,12.5
179212,F,4,36.36363636363637
179212,M,7,63.63636363636363
179459,F,1,20.0
179459,M,4,80.0
179569,F,2,28.571428571428573
179569,M,5,71.42857142857143
179929,F,2,20.0
179929,M,8,80.0
180006,F,9,75.0
180006,M,3,25.0
180037,F,10,62.5
180037,M,6,37.5
180854,F,5,41.666666666666664
180854,M,7,58.333333333333336
180924,F,2,22.22222222222222
180924,M,7,77.77777777777777
180925,F,4,33.333333333333336
180925,M,8,66.66666666666667
180930,F,5,41.666666666666664
180930,M,7,58.333333333333336
181201,F,1,11.11111111111111
181201,M,8,88.88888888888889
181219,F,7,46.666666666666664
181219,M,8,53.333333333333336
181310,F,2,50.0
181310,M,2,50.0
181311,F,7,53.84615384615385
181311,M,6,46.15384615384615
181421,M,9,100.0
181566,M,4,100.0
181772,F,4,30.76923076923077
181772,M,9,69.23076923076923
181781,F,8,72.72727272727273
181781,M,3,27.272727272727273
181787,M,8,100.0
181886,F,3,27.272727272727273
181886,M,8,72.72727272727273
181996,F,1,7.6923076923076925
181996,M,12,92.3076923076923
182028,F,5,33.333333333333336
182028,M,10,66.66666666666667
182038,F,7,58.333333333333336
182038,M,5,41.666666666666664
182116,F,1,7.6923076923076925
182116,M,12,92.3076923076923
182531,F,7,53.84615384615385
182531,M,6,46.15384615384615
182556,F,2,16.666666666666668
182556,M,10,83.33333333333333
182777,F,2,18.181818181818183
182777,M,9,81.81818181818181
182996,F,4,30.76923076923077
182996,M,9,69.23076923076923
183045,F,1,9.090909090909092
183045,M,10,90.9090909090909
183065,F,3,33.333333333333336
183065,M,6,66.66666666666667
183175,F,3,50.0
183175,M,3,50.0
183283,F,6,46.15384615384615
183283,M,7,53.84615384615385
183528,F,2,40.0
183528,M,3,60.0
183824,F,2,22.22222222222222
183824,M,7,77.77777777777777
183869,F,3,30.0
183869,M,7,70.0
184236,F,5,55.55555555555556
184236,M,4,44.44444444444444
184512,F,1,14.285714285714286
184512,M,6,85.71428571428571
184885,F,9,60.0
184885,M,6,40.0
184998,F,4,30.76923076923077
184998,M,9,69.23076923076923
185138,F,3,60.0
185138,M,2,40.0
185285,F,8,57.142857142857146
185285,M,6,42.857142857142854
185673,F,1,33.333333333333336
185673,M,2,66.66666666666667
185976,F,5,38.46153846153846
185976,M,8,61.53846153846154
185982,F,2,20.0
185982,M,8,80.0
186086,F,3,20.0
186086,M,12,80.0
186283,F,1,7.6923076923076925
186283,M,12,92.3076923076923
187053,F,1,7.6923076923076925
187053,M,12,92.3076923076923
187183,F,2,15.384615384615385
187183,M,11,84.61538461538461
188118,F,7,46.666666666666664
188118,M,8,53.333333333333336
189038,F,3,33.333333333333336
189038,M,6,66.66666666666667
189148,F,4,40.0
189148,M,6,60.0
189222,F,3,21.428571428571427
189222,M,11,78.57142857142857
189627,F,5,41.666666666666664
189627,M,7,58.333333333333336
189742,F,10,71.42857142857143
189742,M,4,28.571428571428573
189890,F,5,33.333333333333336
189890,M,10,66.66666666666667
189937,F,3,42.857142857142854
189937,M,4,57.142857142857146
190060,F,4,44.44444444444444
190060,M,5,55.55555555555556
190065,F,3,30.0
190065,M,7,70.0
190249,F,2,18.181818181818183
190249,M,9,81.81818181818181
190566,F,8,61.53846153846154
190566,M,5,38.46153846153846
190778,F,2,28.571428571428573
190778,M,5,71.42857142857143
190801,M,5,100.0
191073,F,5,29.41176470588235
191073,M,12,70.58823529411765
191083,F,3,30.0
191083,M,7,70.0
191289,F,5,38.46153846153846
191289,M,8,61.53846153846154
191351,F,3,25.0
191351,M,9,75.0
191391,F,1,25.0
191391,M,3,75.0
191418,F,1,25.0
191418,M,3,75.0
191454,F,3,37.5
191454,M,5,62.5
191485,F,3,25.0
191485,M,9,75.0
191495,F,5,33.333333333333336
191495,M,10,66.66666666666667
191649,F,2,14.285714285714286
191649,M,12,85.71428571428571
192056,F,3,33.333333333333336
192056,M,6,66.66666666666667
192132,F,3,42.857142857142854
192132,M,4,57.142857142857146
192145,F,3,25.0
192145,M,9,75.0
192369,F,5,35.714285714285715
192369,M,9,64.28571428571429
192414,F,4,44.44444444444444
192414,M,5,55.55555555555556
192589,F,2,40.0
192589,M,3,60.0
193088,M,6,100.0
193330,F,1,20.0
193330,M,4,80.0
193452,F,1,16.666666666666668
193452,M,5,83.33333333333333
193518,F,6,30.0
193518,M,14,70.0
193621,F,1,12.5
193621,M,7,87.5
193763,F,2,22.22222222222222
193763,M,7,77.77777777777777
193818,F,9,75.0
193818,M,3,25.0
193920,F,5,38.46153846153846
193920,M,8,61.53846153846154
194078,F,4,26.666666666666668
194078,M,11,73.33333333333333
194121,F,1,16.666666666666668
194121,M,5,83.33333333333333
194904,F,12,70.58823529411765
194904,M,5,29.41176470588235
195165,F,3,23.076923076923077
195165,M,10,76.92307692307692
195795,M,9,100.0
196058,F,2,16.666666666666668
196058,M,10,83.33333333333333
196484,F,2,40.0
196484,M,3,60.0
196490,F,8,72.72727272727273
196490,M,3,27.272727272727273
196637,F,1,25.0
196637,M,3,75.0
196660,F,5,50.0
196660,M,5,50.0
197206,F,4,33.333333333333336
197206,M,8,66.66666666666667
197832,F,4,28.571428571428573
197832,M,10,71.42857142857143
197876,F,1,20.0
197876,M,4,80.0
197896,F,11,84.61538461538461
197896,M,2,15.384615384615385
198032,F,2,40.0
198032,M,3,60.0
198240,F,5,50.0
198240,M,5,50.0
198366,F,3,42.857142857142854
198366,M,4,57.142857142857146
198403,F,3,33.333333333333336
198403,M,6,66.66666666666667
198424,F,1,14.285714285714286
198424,M,6,85.71428571428571
198531,F,3,25.0
198531,M,9,75.0
198624,F,4,80.0
198624,M,1,20.0
198648,F,2,20.0
198648,M,8,80.0
198778,F,1,14.285714285714286
198778,M,6,85.71428571428571
198814,F,2,18.181818181818183
198814,M,9,81.81818181818181
198875,F,3,23.076923076923077
198875,M,10,76.92307692307692
198879,F,4,30.76923076923077
198879,M,9,69.23076923076923
198893,F,2,100.0
199184,F,2,13.333333333333334
199184,M,13,86.66666666666667
199282,F,3,25.0
199282,M,9,75.0
199950,F,5,55.55555555555556
199950,M,4,44.44444444444444
