dept,degree_level,employee_count,percentage
CEO,PhD,1,100.0
HR,Bachelor,483,28.512396694214875
HR,High_School,269,15.879574970484061
HR,Master,473,27.92207792207792
HR,PhD,469,27.68595041322314
engineering,Bachelor,735,27.262611275964392
engineering,High_School,465,17.247774480712167
engineering,Master,725,26.891691394658753
engineering,PhD,771,28.597922848664687
marketing,Bachelor,505,25.124378109452735
marketing,High_School,325,16.16915422885572
marketing,Master,582,28.955223880597014
marketing,PhD,598,29.751243781094526
sales,Bachelor,1012,28.11892192275632
sales,High_School,598,16.615726590719646
sales,Master,1006,27.9522089469297
sales,PhD,983,27.31314253959433
