dept,sex,degree_level,employee_count,percentage
CEO,M,PhD,1,100.0
HR,F,Bachelor,299,28.26086956521739
HR,F,High_School,176,16.6351606805293
HR,F,Master,290,27.410207939508506
HR,F,PhD,293,27.6937618147448
HR,M,Bachelor,184,28.930817610062892
HR,M,High_School,93,14.622641509433961
HR,M,Master,183,28.77358490566038
HR,M,PhD,176,27.67295597484277
engineering,F,Bachelor,185,27.570789865871834
engineering,F,High_School,100,14.903129657228018
engineering,F,Master,190,28.315946348733235
engineering,F,PhD,196,29.210134128166914
engineering,M,Bachelor,550,27.160493827160494
engineering,M,High_School,365,18.02469135802469
engineering,M,Master,535,26.419753086419753
engineering,M,PhD,575,28.395061728395063
marketing,F,Bachelor,159,24.42396313364055
marketing,F,High_School,106,16.282642089093702
marketing,F,Master,196,30.107526881720432
marketing,F,PhD,190,29.185867895545314
marketing,M,Bachelor,346,25.45989698307579
marketing,M,High_School,219,16.11479028697572
marketing,M,Master,386,28.403237674760852
marketing,M,PhD,408,30.02207505518764
sales,F,Bachelor,334,28.28111769686706
sales,F,High_School,192,16.257408975444537
sales,F,Master,325,27.519051651143098
sales,F,PhD,330,27.9424216765453
sales,M,Bachelor,678,28.03970223325062
sales,M,High_School,406,16.790736145574854
sales,M,Master,681,28.16377171215881
sales,M,PhD,653,27.005789909015714
