dept,sex,count,mean,std,min,25%,50%,75%,max
CEO,M,1.0,7.0,,7.0,7.0,7.0,7.0,7.0
HR,F,1058.0,3.7741020793950852,2.854565364801735,1.0,2.0,3.0,5.0,28.0
HR,M,636.0,4.190251572327044,3.3144825512108205,1.0,2.0,3.0,5.0,30.0
engineering,F,671.0,3.9523099850968704,3.1581389568747604,1.0,2.0,3.0,5.0,33.0
engineering,M,2025.0,3.802962962962963,3.020710971580235,1.0,2.0,3.0,5.0,33.0
marketing,F,651.0,4.019969278033794,3.5623545367086296,1.0,2.0,3.0,5.0,24.0
marketing,M,1359.0,3.8609271523178808,3.1904121865858066,1.0,2.0,3.0,5.0,33.0
sales,F,1181.0,4.0110076206604575,3.230529276692752,1.0,2.0,3.0,5.0,34.0
sales,M,2418.0,3.7770885028949546,2.966287665884968,1.0,2.0,3.0,5.0,32.0
