employee_id,sex,dept,direct_reports,reporting_depth
101901,M,engineering,6,4
153551,M,sales,9,4
23737,F,HR,17,4
98520,M,marketing,20,4
10786,M,HR,12,4
187053,M,engineering,13,4
57693,M,engineering,3,3
33814,M,engineering,5,3
112245,F,sales,11,4
8711,M,marketing,22,4
149135,M,engineering,19,4
1791,F,HR,7,4
196484,M,marketing,5,3
23100,M,engineering,6,4
141079,M,engineering,13,4
88007,F,sales,13,4
60609,F,sales,6,4
41080,F,sales,8,4
175361,M,sales,17,4
172717,F,HR,7,4
182996,M,sales,13,4
5743,M,sales,17,4
74062,M,marketing,6,2
85717,F,sales,8,4
102684,F,sales,7,4
160618,M,sales,19,4
66090,M,sales,4,3
108164,M,sales,14,4
163049,F,sales,3,3
168564,M,sales,14,4
3802,F,engineering,3,3
131620,M,sales,9,4
180925,M,sales,12,4
55476,M,marketing,8,4
169231,M,sales,10,4
25934,M,engineering,12,4
71532,M,marketing,5,3
87379,M,engineering,3,3
5282,M,sales,17,4
191083,M,marketing,10,4
65522,M,sales,4,3
159906,M,sales,14,4
51121,F,HR,22,4
181772,M,sales,13,4
67522,M,sales,14,4
27718,F,HR,6,4
166653,F,engineering,4,4
124893,M,marketing,5,3
181421,M,sales,9,4
171266,M,HR,5,3
134728,M,marketing,10,4
17395,M,sales,3,3
90834,F,sales,13,4
196058,M,marketing,12,4
177166,M,engineering,13,4
98931,F,marketing,10,4
157064,M,marketing,18,4
127544,M,sales,13,4
48730,M,marketing,8,4
21086,M,HR,15,4
142104,F,engineering,9,4
10922,F,sales,11,4
162476,F,engineering,4,2
80128,M,sales,7,4
194078,M,marketing,15,4
167921,M,engineering,10,4
176367,M,engineering,4,2
111508,F,marketing,11,4
17291,M,sales,12,4
42270,M,engineering,6,3
33266,M,marketing,10,4
198624,M,HR,5,4
160289,M,sales,16,4
75705,F,HR,13,4
191495,F,sales,15,4
34051,F,sales,8,2
193452,M,sales,6,4
158490,F,marketing,5,3
79237,M,marketing,16,4
55636,M,HR,7,4
129734,M,engineering,14,4
19424,M,engineering,13,4
2644,M,sales,10,4
168942,M,HR,6,4
126257,M,engineering,15,4
156036,M,marketing,5,3
66119,F,sales,8,3
94611,M,engineering,10,4
158609,M,sales,11,4
8663,M,sales,12,4
16178,M,HR,2,3
107049,M,sales,4,3
1610,M,engineering,14,4
62298,F,HR,13,4
47618,M,marketing,10,4
64452,M,sales,13,4
71757,M,marketing,8,4
20828,F,marketing,14,4
32938,M,engineering,11,4
8207,M,engineering,3,3
182777,M,marketing,11,4
126368,M,sales,13,4
185982,F,sales,10,4
8193,F,engineering,7,4
52923,F,sales,13,4
102712,F,sales,11,4
133927,M,engineering,14,4
184236,F,HR,9,4
183045,M,engineering,11,4
26053,M,HR,5,2
171940,M,marketing,14,4
81644,M,engineering,11,4
143050,M,marketing,8,4
43937,F,HR,16,4
131950,M,sales,1,3
164501,M,HR,13,4
95169,F,sales,11,4
150722,M,marketing,7,4
181201,M,sales,9,3
70434,M,marketing,4,3
61443,M,HR,12,4
95609,F,sales,14,4
73982,M,sales,6,4
90,F,engineering,8,4
103981,F,marketing,9,4
47748,M,HR,14,4
127266,M,marketing,17,4
74170,M,sales,13,4
29508,M,HR,12,4
82463,F,marketing,11,4
192589,M,engineering,5,3
134536,M,engineering,12,4
21470,M,marketing,19,4
54136,M,marketing,11,4
39785,M,HR,9,3
7095,F,HR,10,4
96752,M,sales,4,2
160476,M,sales,7,4
96420,F,sales,9,4
779,M,marketing,8,4
190249,M,marketing,11,4
143317,M,sales,14,4
77613,M,sales,10,4
58522,M,engineering,8,4
166741,F,marketing,2,3
7349,M,marketing,10,4
76310,F,engineering,12,4
140317,M,engineering,7,3
139180,F,marketing,10,4
164851,F,sales,4,3
167650,F,engineering,14,4
72965,F,sales,11,4
125114,F,HR,17,4
150300,M,marketing,13,4
66420,F,HR,14,4
98225,M,engineering,3,3
6027,F,marketing,3,3
141808,M,sales,4,3
754,F,HR,16,4
176415,M,engineering,14,4
12679,F,sales,9,4
45803,M,sales,16,4
742,M,HR,17,4
91345,M,sales,8,4
120639,M,sales,6,3
103912,M,sales,11,4
136147,M,sales,13,4
49729,F,sales,10,4
192369,M,sales,14,4
138823,F,HR,8,3
96060,M,HR,9,4
20378,M,HR,6,3
142630,F,HR,16,4
71595,M,engineering,4,3
97647,F,marketing,6,2
119964,M,marketing,9,4
10357,F,marketing,14,4
134944,M,sales,13,4
166928,F,engineering,13,4
26468,F,engineering,12,4
178147,M,HR,10,4
154897,M,sales,6,3
98558,M,engineering,12,4
4421,M,sales,9,4
79807,F,engineering,9,4
73034,M,engineering,9,4
71987,M,HR,10,4
126515,M,HR,16,4
193621,F,sales,8,4
148865,M,sales,12,4
94362,F,sales,7,3
24681,F,HR,7,3
75198,F,marketing,16,4
73106,M,engineering,16,4
55431,F,sales,9,4
114472,F,sales,4,3
60319,M,sales,6,4
174122,M,engineering,11,4
191649,M,sales,14,4
29410,M,engineering,12,4
191289,M,engineering,13,4
196637,F,engineering,4,4
87330,F,engineering,13,4
192132,M,marketing,7,4
71499,M,marketing,2,2
154381,M,sales,8,4
109804,M,engineering,6,2
143473,F,HR,7,4
130834,F,engineering,7,4
191485,M,sales,12,4
5374,M,sales,17,4
54808,M,sales,10,4
152500,M,HR,4,2
123263,M,HR,11,4
29749,M,HR,9,4
26505,F,marketing,10,4
146629,M,engineering,7,3
61403,M,engineering,6,3
45969,F,HR,4,3
16073,F,marketing,13,4
47755,F,sales,8,3
181566,M,marketing,4,3
165668,M,engineering,3,4
176424,M,marketing,4,2
55972,M,HR,12,4
182556,M,sales,12,4
59862,M,engineering,9,4
88303,M,sales,11,4
179149,F,HR,8,4
47553,M,engineering,6,3
171907,M,sales,8,3
182531,M,sales,13,4
64750,M,engineering,16,4
134658,F,sales,10,4
161132,M,marketing,13,4
111974,F,engineering,10,4
160261,M,marketing,10,4
57701,M,HR,5,4
8665,F,sales,4,3
59327,F,HR,9,4
178954,M,engineering,11,4
143437,M,marketing,4,3
41335,M,engineering,15,4
102815,F,sales,10,4
85791,M,sales,11,4
4440,M,marketing,13,4
123387,F,sales,8,4
175548,M,HR,11,4
190778,M,marketing,7,4
109671,M,marketing,9,4
24287,M,HR,7,4
144976,M,sales,12,4
169271,M,marketing,5,4
189890,F,engineering,15,4
135848,M,marketing,13,4
168545,M,marketing,2,3
79,M,sales,9,4
125912,F,marketing,8,3
110508,M,engineering,13,4
172989,M,sales,6,3
42096,M,sales,11,4
34977,M,sales,15,4
66591,M,sales,10,4
91654,M,engineering,3,3
141317,M,sales,13,4
107152,F,engineering,3,2
135238,M,sales,4,3
142276,F,HR,9,4
6335,M,sales,10,4
69903,M,engineering,8,4
128511,M,engineering,7,4
74066,M,engineering,8,4
47127,M,sales,4,3
124994,F,HR,5,2
7558,F,engineering,3,3
191073,M,sales,17,4
18627,M,marketing,9,4
162196,M,engineering,10,4
189038,M,engineering,9,4
141211,M,HR,7,4
43420,M,sales,17,4
126330,M,engineering,11,4
144211,M,engineering,8,4
77766,M,marketing,12,4
198648,M,marketing,10,4
148646,M,engineering,5,4
64724,F,marketing,15,4
81860,M,engineering,12,4
52796,M,sales,12,4
70819,M,engineering,14,4
154292,M,engineering,13,4
187183,M,marketing,13,4
68998,M,marketing,13,4
162889,F,marketing,5,3
183065,M,engineering,9,4
150290,F,HR,12,4
191418,F,sales,4,3
168791,F,engineering,6,4
53677,M,HR,8,4
69463,M,marketing,6,4
32405,M,HR,12,4
35499,M,sales,12,4
26183,M,sales,14,4
142850,M,sales,13,4
151696,F,HR,14,4
62161,F,marketing,12,4
146473,F,marketing,14,4
115539,F,marketing,5,3
81811,F,sales,8,4
144927,M,sales,9,4
115765,M,HR,11,4
17837,M,engineering,4,3
71115,M,engineering,8,4
165853,F,engineering,10,4
129778,M,HR,12,4
103884,F,HR,5,4
60489,M,marketing,17,4
71152,M,HR,10,4
39231,F,HR,13,4
103443,M,marketing,5,3
177772,M,marketing,8,4
114137,M,marketing,7,3
119991,M,engineering,10,4
1872,M,engineering,10,4
92585,M,marketing,12,4
89053,M,marketing,3,3
54315,M,sales,13,4
10773,M,engineering,12,4
149245,M,marketing,14,4
125775,M,marketing,8,4
129287,M,HR,11,4
64190,F,sales,8,4
182028,M,engineering,15,4
135846,M,sales,7,4
59939,M,marketing,10,4
198814,M,marketing,11,4
157492,F,sales,10,3
73649,M,sales,8,4
132192,M,HR,10,4
14299,M,engineering,13,4
69200,M,sales,10,4
9706,M,sales,5,4
55883,M,engineering,16,4
154891,F,engineering,12,4
149485,M,sales,9,4
34163,F,sales,7,4
29960,M,marketing,14,4
182038,M,sales,12,4
109254,M,sales,14,4
134671,M,sales,11,4
119481,M,engineering,7,3
130585,M,sales,5,4
3235,M,sales,7,3
22887,F,HR,13,4
164638,M,sales,7,4
7966,M,sales,10,4
179459,M,marketing,5,4
100942,F,sales,6,3
157931,M,engineering,11,4
180006,M,HR,12,4
48690,F,sales,10,4
41945,M,sales,4,3
53390,M,sales,18,4
83356,F,sales,4,3
102727,F,marketing,8,4
155570,F,marketing,9,4
57938,M,engineering,13,4
72243,M,engineering,6,3
17211,M,HR,13,4
188118,M,sales,15,4
5889,M,HR,13,4
148260,F,marketing,12,4
132283,M,engineering,16,4
26757,M,marketing,9,4
147106,M,sales,11,4
198875,M,engineering,13,4
4259,M,engineering,8,4
91869,M,marketing,9,3
121233,F,marketing,4,3
183869,M,engineering,10,3
87707,M,sales,10,4
63785,F,engineering,11,4
40920,M,marketing,4,2
186283,M,engineering,13,4
133858,M,engineering,3,4
66692,M,sales,5,4
87847,M,sales,10,4
119231,F,HR,10,4
195165,F,engineering,13,4
116119,F,marketing,9,4
158777,F,marketing,18,4
91117,M,sales,4,3
92765,M,engineering,10,4
87929,M,sales,20,4
14470,M,sales,12,4
129000,F,marketing,8,4
196660,M,sales,10,4
80728,M,engineering,9,4
118769,F,engineering,14,4
43704,M,HR,8,4
132307,F,engineering,5,3
87733,M,sales,14,4
11275,M,marketing,14,4
112302,F,engineering,10,4
32572,F,marketing,10,4
101819,M,engineering,14,4
40475,M,sales,2,3
61811,F,sales,17,4
179929,M,sales,10,4
91002,M,marketing,16,4
73489,M,sales,11,4
168797,M,marketing,13,4
37434,M,sales,14,4
181310,M,sales,4,3
132026,M,marketing,12,4
47472,M,engineering,13,4
50665,M,HR,4,3
127623,M,engineering,10,4
7255,M,engineering,17,4
154041,M,sales,4,2
6536,M,marketing,13,4
99139,M,sales,11,4
137369,F,sales,10,4
102043,F,marketing,12,4
120381,M,sales,6,4
29712,F,engineering,11,4
5692,M,marketing,6,3
103448,M,sales,12,4
193518,M,sales,20,4
123358,F,sales,16,4
145161,M,engineering,8,3
24489,M,marketing,4,3
8182,F,sales,13,4
162518,M,sales,12,4
168951,M,sales,11,4
198032,F,sales,5,4
185138,M,HR,5,3
185976,F,engineering,13,4
79693,M,engineering,4,2
152076,M,engineering,6,3
148984,M,sales,12,4
198366,F,sales,7,3
185285,F,HR,14,4
139032,F,sales,5,2
95841,M,engineering,10,4
148418,F,engineering,15,4
48877,F,marketing,6,4
18939,M,sales,10,4
65883,M,marketing,15,4
19524,F,marketing,6,4
69345,M,sales,12,4
4394,M,marketing,15,4
94683,M,marketing,8,4
138772,F,sales,14,4
181311,M,sales,13,4
169849,M,HR,6,4
176804,M,sales,3,3
99121,M,marketing,7,4
190566,M,marketing,13,4
123154,F,HR,10,4
53109,M,sales,11,4
110089,M,HR,10,4
115907,F,marketing,3,3
165717,M,sales,6,4
192414,F,sales,9,4
148236,F,sales,14,4
90065,M,engineering,10,4
28697,F,engineering,5,3
180037,M,sales,16,4
128966,F,sales,10,4
122567,M,engineering,10,4
134556,F,marketing,5,3
169574,M,marketing,9,4
69943,M,sales,9,4
91979,F,HR,9,4
29733,F,HR,11,4
133795,M,engineering,3,2
14465,F,HR,11,4
167941,M,sales,9,3
48120,M,engineering,12,4
98419,F,marketing,11,4
169833,F,HR,15,4
194904,F,HR,17,4
76641,F,engineering,10,4
22090,M,marketing,10,4
132309,M,sales,12,4
62043,M,engineering,12,4
63832,M,marketing,7,4
97040,F,HR,2,4
80043,F,HR,15,4
89619,M,HR,7,3
146600,M,marketing,5,3
132683,M,engineering,13,4
122197,M,engineering,12,4
52319,M,sales,14,4
151838,M,sales,9,4
129381,M,sales,2,3
25805,F,sales,5,4
170431,M,marketing,5,4
87762,M,sales,11,4
78516,M,sales,13,4
37124,F,sales,10,4
133420,F,sales,10,4
85426,M,HR,13,4
186086,M,engineering,15,4
116180,F,engineering,16,4
46178,M,engineering,11,4
92210,M,sales,10,4
103421,F,engineering,19,4
142367,M,sales,12,4
116774,M,engineering,10,4
166591,M,sales,11,4
37220,M,engineering,10,4
177495,M,HR,11,4
74818,M,sales,9,4
115856,F,sales,14,4
60373,F,marketing,9,4
29547,F,engineering,12,4
71889,M,HR,8,2
147249,F,engineering,18,4
59566,F,HR,6,3
53826,F,HR,14,4
155485,M,marketing,6,3
7531,M,HR,2,3
149778,M,marketing,4,2
37154,M,marketing,8,3
24015,F,HR,7,3
124186,M,marketing,9,4
65126,M,marketing,8,4
159996,M,sales,13,4
132187,M,engineering,9,4
95522,F,marketing,16,4
125755,M,marketing,9,4
183175,M,sales,6,3
195795,F,sales,9,4
140393,F,engineering,11,4
147715,M,sales,9,4
167482,M,engineering,4,3
123258,M,marketing,11,4
139278,M,HR,19,4
131525,F,sales,13,4
15768,M,HR,12,4
172541,F,HR,14,4
74264,M,marketing,11,4
101981,F,sales,9,4
27781,M,marketing,11,4
64087,M,HR,15,4
171351,M,engineering,5,3
97878,M,sales,5,4
166729,M,marketing,12,4
61038,M,sales,11,4
101484,M,engineering,21,4
27704,F,sales,16,4
198240,F,sales,10,4
5342,M,engineering,5,3
119658,M,engineering,12,4
109308,F,marketing,2,2
27660,M,engineering,4,3
113618,F,marketing,13,4
154170,F,engineering,11,4
30488,M,marketing,12,4
150189,F,HR,14,4
94030,M,sales,12,4
110260,M,HR,6,3
104759,F,HR,10,4
94447,M,HR,11,4
44056,F,HR,9,4
75246,M,engineering,12,4
136313,F,engineering,6,4
161284,M,engineering,3,3
47260,M,HR,12,4
122145,M,engineering,15,4
171461,M,HR,14,4
146220,M,marketing,9,4
81111,M,engineering,10,4
82419,F,marketing,4,3
51923,F,HR,11,4
169223,M,engineering,12,4
84230,M,marketing,16,4
164547,F,sales,7,4
73254,M,HR,14,4
147642,M,sales,11,4
192056,M,HR,9,3
55481,M,engineering,11,4
168415,F,HR,11,4
124014,M,sales,15,4
1651,M,engineering,12,4
134982,M,sales,13,4
172250,F,marketing,9,4
62081,M,sales,12,4
90237,M,sales,10,4
136468,M,sales,13,4
181787,M,marketing,8,4
114572,M,marketing,16,4
121527,M,marketing,15,4
112750,F,engineering,13,4
53856,M,HR,9,4
191454,M,marketing,8,4
32510,M,sales,7,3
167389,M,sales,12,4
8856,M,marketing,10,4
114011,F,engineering,11,4
142146,F,sales,6,2
148795,M,engineering,11,4
172321,M,sales,11,4
131063,M,marketing,8,4
123000,F,sales,8,4
73846,F,sales,13,4
139507,M,marketing,4,3
51738,F,engineering,13,4
146404,M,marketing,9,4
24071,M,engineering,9,4
198893,M,HR,2,3
39417,M,engineering,15,4
84828,F,engineering,18,4
197832,F,marketing,14,4
77857,M,HR,5,3
73893,M,sales,11,4
119302,F,HR,8,4
174092,F,sales,5,4
113124,M,sales,18,4
87344,F,marketing,5,3
30749,F,engineering,9,4
46957,F,sales,12,4
144219,M,engineering,14,4
128447,M,engineering,10,4
94039,M,sales,10,4
168342,M,engineering,9,4
56068,M,sales,3,2
24979,M,marketing,10,4
162035,M,sales,13,4
53374,F,sales,9,4
153412,M,marketing,12,4
79193,F,sales,11,4
11507,F,HR,18,4
113578,M,marketing,17,4
34714,M,sales,16,4
12649,F,engineering,15,4
199950,F,HR,9,4
147783,M,sales,11,4
168742,M,sales,12,4
80240,F,HR,8,4
66160,F,sales,5,4
198879,M,sales,13,4
9239,M,sales,14,4
183528,M,engineering,5,4
53012,F,marketing,7,4
77851,M,sales,3,3
196490,M,HR,11,4
92845,M,engineering,16,4
77556,M,HR,9,4
34134,F,sales,11,4
129626,F,marketing,13,4
113566,F,engineering,9,4
48742,M,engineering,10,4
179212,F,marketing,11,4
179569,M,sales,7,4
110878,M,engineering,13,4
168905,F,engineering,23,4
136905,F,HR,2,3
190801,M,engineering,5,2
167188,M,HR,6,4
140838,M,HR,11,4
145126,M,sales,9,4
115694,M,engineering,12,4
50679,M,sales,7,4
115591,M,sales,20,4
130135,F,HR,11,4
20901,M,engineering,11,4
167223,F,marketing,6,3
171499,M,engineering,17,4
190060,F,sales,9,4
15277,M,engineering,10,4
81490,M,sales,12,4
71945,M,engineering,11,4
62990,F,sales,12,4
61554,M,CEO,4,0
198531,M,sales,12,4
147016,M,sales,7,4
68222,M,HR,12,4
30640,M,engineering,10,4
116289,M,engineering,8,4
184512,M,engineering,7,3
132399,M,sales,18,4
198778,M,engineering,7,4
252,F,HR,10,4
165426,F,HR,3,3
193088,M,sales,6,3
70547,F,marketing,11,4
127769,M,engineering,12,4
92403,M,sales,16,4
88779,F,sales,11,4
39726,M,engineering,7,3
184885,M,HR,15,4
73663,F,marketing,12,4
55537,M,engineering,3,2
95473,F,sales,7,4
79934,M,engineering,17,4
93223,M,engineering,13,4
116750,M,engineering,8,4
77866,M,marketing,8,4
181996,M,engineering,13,4
5222,M,sales,7,4
51293,F,sales,11,4
145710,M,engineering,13,4
162381,M,engineering,16,4
38308,M,marketing,8,4
88936,M,sales,16,4
43602,M,engineering,10,4
9400,F,HR,10,4
58365,M,marketing,12,4
98967,M,marketing,13,4
107658,M,marketing,3,2
61517,M,HR,20,4
18295,M,engineering,4,3
78874,F,sales,12,4
8198,F,engineering,13,4
79285,F,sales,7,3
21604,F,HR,8,3
180924,M,marketing,9,4
103014,M,engineering,7,4
59555,F,marketing,13,4
127275,F,engineering,7,4
134865,M,sales,9,3
41808,M,HR,16,4
59705,M,sales,14,4
78997,M,engineering,6,4
123502,F,HR,13,4
178797,F,sales,8,4
16510,F,sales,12,4
174800,F,marketing,6,4
149970,F,marketing,12,4
25367,F,marketing,8,4
27018,F,HR,8,4
165442,F,sales,10,4
115593,F,HR,6,4
102498,F,HR,12,4
138432,M,sales,11,4
160511,M,marketing,10,4
117376,M,HR,7,4
75242,M,engineering,11,4
70406,M,marketing,16,4
102026,M,sales,10,4
121419,M,engineering,11,4
1808,M,engineering,14,4
189148,M,HR,10,4
89837,M,marketing,11,4
164326,M,sales,12,4
3260,M,engineering,9,4
105395,M,engineering,6,4
199184,M,sales,15,4
69550,F,marketing,5,3
18312,M,engineering,10,4
193818,F,HR,12,4
40132,M,engineering,2,3
94507,M,engineering,13,4
64858,F,HR,9,4
172947,M,marketing,3,4
99397,M,HR,4,3
197896,F,HR,13,4
191391,M,marketing,4,3
102102,M,sales,11,4
199282,M,marketing,12,4
148032,M,sales,19,4
175365,F,marketing,13,4
194121,M,engineering,6,3
189937,F,engineering,7,3
65451,M,sales,7,3
55858,M,engineering,10,4
16785,M,engineering,6,4
52313,F,sales,11,4
31063,F,HR,9,4
76435,F,sales,7,4
88370,M,HR,12,4
32248,M,sales,5,3
67178,M,HR,9,4
109102,M,sales,13,4
76135,M,marketing,16,4
91254,M,marketing,7,4
144928,M,sales,11,4
147819,F,sales,12,4
22145,M,sales,7,4
107694,M,HR,10,4
159098,F,engineering,22,4
91124,M,sales,7,4
130204,M,marketing,9,4
82657,F,sales,12,4
170922,M,sales,8,4
104539,M,HR,14,4
113589,M,engineering,5,3
68821,M,engineering,15,4
52525,F,engineering,16,4
198403,F,sales,9,4
151005,F,marketing,11,4
16445,F,HR,15,4
39460,F,HR,11,4
147103,M,engineering,8,4
152791,M,sales,8,4
177805,M,marketing,9,4
174009,F,HR,9,4
84193,M,marketing,10,4
25036,F,HR,3,3
77844,F,sales,13,4
191351,M,marketing,12,4
113189,M,sales,8,4
65174,M,sales,6,3
170076,F,engineering,16,4
180854,M,sales,12,4
130342,F,HR,7,4
102632,M,marketing,18,4
4384,F,HR,16,4
144401,M,sales,15,4
23830,F,marketing,4,3
160169,M,sales,12,4
51331,M,HR,5,4
23120,M,marketing,9,4
47863,M,engineering,11,4
68532,M,engineering,7,4
78493,M,sales,13,3
134048,M,sales,14,4
107493,M,engineering,8,4
92713,M,sales,4,3
41991,M,sales,12,4
175434,F,sales,12,4
97422,M,HR,11,4
135804,F,HR,8,4
153291,F,sales,10,4
76073,F,engineering,12,4
61988,M,engineering,12,4
119774,F,sales,7,4
173939,F,marketing,16,4
145667,M,sales,4,3
111082,M,sales,10,4
30468,F,engineering,12,4
93708,F,HR,6,1
112643,F,sales,15,4
41533,M,HR,8,3
159838,F,marketing,13,4
146111,F,HR,13,4
65856,F,sales,13,4
51535,M,engineering,10,1
172948,F,HR,5,4
120638,F,engineering,10,4
154285,M,engineering,4,3
156010,M,engineering,9,4
113245,F,sales,16,4
55653,M,sales,10,4
172246,M,sales,5,4
14241,M,marketing,9,4
156927,M,marketing,14,4
136861,M,sales,7,4
149696,M,sales,12,4
87613,M,engineering,14,4
119576,M,engineering,16,4
97919,F,HR,6,4
3917,M,sales,7,3
130449,M,sales,7,4
161727,M,engineering,14,4
185673,M,engineering,3,2
182116,M,sales,13,4
172889,M,sales,6,4
81421,F,HR,17,4
68201,M,sales,8,4
169664,M,engineering,6,4
184998,M,sales,13,4
177489,M,marketing,4,4
167877,M,sales,17,4
66306,M,engineering,6,4
154375,F,HR,9,4
32159,M,sales,18,4
89523,F,sales,7,4
28979,M,sales,10,4
177860,M,HR,2,2
197206,M,marketing,12,4
198424,M,marketing,7,4
12877,F,engineering,10,4
100373,F,HR,15,4
87884,M,engineering,10,4
56316,M,sales,10,4
82698,M,sales,9,4
119832,M,engineering,4,3
19806,M,sales,11,4
33665,F,HR,10,4
54997,F,sales,13,4
138948,F,marketing,9,4
34280,M,sales,7,2
27393,F,sales,9,4
175558,F,engineering,12,4
21377,F,sales,8,4
52920,M,sales,10,4
122762,M,sales,13,4
96664,M,marketing,7,4
158888,M,sales,16,4
7212,M,marketing,13,4
59535,M,sales,4,3
56451,M,sales,14,4
183824,M,engineering,9,4
46997,M,sales,13,4
107547,F,sales,7,4
125855,M,HR,3,2
181219,F,marketing,15,4
111363,F,sales,9,4
189742,F,HR,14,4
75860,M,engineering,7,4
193763,F,engineering,9,4
90639,M,marketing,16,4
95935,F,HR,5,3
40904,M,engineering,19,4
92567,M,engineering,7,3
140061,M,sales,9,4
79735,M,engineering,13,4
180930,M,sales,12,4
189627,M,sales,12,4
14226,F,HR,10,4
66453,M,engineering,9,4
50761,M,marketing,11,4
138045,M,marketing,4,2
150408,M,engineering,13,4
142926,M,engineering,8,4
77670,M,sales,15,4
5875,M,marketing,9,4
118506,M,HR,8,4
39388,M,sales,7,4
11277,M,sales,10,1
78215,M,sales,12,4
118233,M,marketing,3,3
118329,F,sales,12,4
189222,F,engineering,14,4
137776,F,engineering,10,4
183283,M,HR,13,4
130489,M,sales,2,3
49727,F,sales,7,3
157966,M,marketing,10,4
108428,M,engineering,16,4
89002,M,sales,5,3
41175,M,engineering,9,4
1050,M,engineering,14,4
54963,M,sales,1,3
119833,M,sales,3,3
84011,F,sales,9,2
75045,F,marketing,11,4
71130,M,engineering,14,4
181781,F,HR,11,4
69379,M,sales,12,4
193920,F,sales,13,4
12214,M,sales,11,4
57316,M,sales,13,4
117030,F,engineering,4,3
23565,F,sales,12,4
190065,M,marketing,10,4
110464,M,marketing,9,1
51288,M,engineering,13,4
158056,M,engineering,9,4
154703,M,engineering,6,4
41721,M,marketing,9,4
83032,M,marketing,12,4
123103,M,engineering,7,4
43858,F,engineering,9,4
2308,M,sales,3,3
60121,F,engineering,2,3
175593,M,sales,11,4
24691,M,sales,4,3
110091,M,engineering,16,4
193330,M,engineering,5,3
157530,M,HR,1,3
67931,M,engineering,14,4
121096,F,marketing,1,3
128065,M,engineering,7,4
155437,M,engineering,12,4
57185,M,engineering,13,4
22977,F,HR,9,4
67151,F,engineering,15,4
94454,M,sales,8,3
63077,M,sales,13,4
49002,F,engineering,7,3
105542,M,marketing,10,4
132360,M,sales,13,4
197876,M,sales,5,2
147555,M,engineering,3,3
178314,F,marketing,7,4
116660,M,HR,8,3
192145,F,sales,12,4
140542,F,sales,10,4
48912,M,engineering,10,4
59353,M,engineering,11,4
159638,F,HR,12,4
4110,M,sales,18,4
71585,F,sales,10,4
36075,M,sales,4,2
142685,M,sales,16,4
48352,M,engineering,13,4
8812,F,HR,16,4
150194,F,engineering,9,4
115349,M,sales,5,4
69728,M,engineering,8,2
152960,F,sales,9,4
181886,M,sales,11,4
164439,M,marketing,9,4
129410,M,sales,14,4
